user_id,total_views,unique_channels,last_view_date
903994,1,1,2016-01-04T18:09:00.000Z
802352,1,1,2016-03-30T09:04:00.000Z
866125,1,1,2016-03-30T17:01:00.000Z
2425604,1,1,2016-03-25T15:23:00.000Z
793571,4,3,2016-03-20T04:25:00.000Z
819248,1,1,2016-03-31T10:01:00.000Z
820321,1,1,2016-01-09T08:25:00.000Z
892453,2,2,2016-03-26T15:33:00.000Z
828799,1,1,2016-02-28T08:09:00.000Z
787656,1,1,2016-02-15T08:40:00.000Z
939566,1,1,2016-01-09T15:40:00.000Z
771778,1,1,2016-02-05T13:47:00.000Z
808915,2,2,2016-02-21T13:45:00.000Z
808916,2,2,2016-02-19T20:15:00.000Z
831679,1,1,2016-03-01T03:17:00.000Z
808917,2,2,2016-02-28T20:20:00.000Z
939570,1,1,2016-03-30T23:52:00.000Z
880213,1,1,2016-03-30T19:13:00.000Z
2255459,2,2,2016-03-29T02:23:00.000Z
808921,2,2,2016-03-06T15:58:00.000Z
831683,3,3,2016-03-04T07:21:00.000Z
761775,2,2,2016-02-04T14:12:00.000Z
866131,1,1,2016-03-07T17:16:00.000Z
904019,1,1,2016-03-29T16:03:00.000Z
939575,1,1,2016-03-10T21:30:00.000Z
808923,2,2,2016-02-21T18:03:00.000Z
933014,1,1,2016-03-31T23:24:00.000Z
892461,2,1,2016-03-12T08:24:00.000Z
2255463,1,1,2016-03-31T13:17:00.000Z
771783,2,2,2016-02-01T12:51:00.000Z
2368357,4,4,2016-03-08T15:28:00.000Z
788616,1,1,2016-01-27T12:03:00.000Z
771785,1,1,2016-02-28T16:53:00.000Z
630977,1,1,2016-01-16T09:52:00.000Z
808928,2,2,2016-03-01T12:15:00.000Z
831694,1,1,2016-03-01T22:07:00.000Z
808929,2,2,2016-01-24T18:35:00.000Z
892465,6,5,2016-03-31T10:45:00.000Z
820335,6,2,2016-03-26T12:44:00.000Z
830836,1,1,2016-03-02T11:07:00.000Z
770963,2,2,2016-03-24T09:45:00.000Z
904035,1,1,2016-03-29T19:34:00.000Z
868888,1,1,2016-03-30T11:55:00.000Z
879414,1,1,2016-03-31T21:19:00.000Z
771791,2,2,2016-03-14T11:51:00.000Z
819259,1,1,2016-02-26T15:53:00.000Z
2285528,1,1,2016-03-15T10:20:00.000Z
868892,3,3,2016-03-12T14:47:00.000Z
808971,7,2,2016-03-30T19:19:00.000Z
866251,2,2,2016-03-10T19:13:00.000Z
779369,3,2,2016-02-11T19:35:00.000Z
1281997,1,1,2016-02-20T16:51:00.000Z
615057,1,1,2016-01-10T07:34:00.000Z
786055,2,2,2016-01-19T18:42:00.000Z
850656,3,2,2016-03-06T07:09:00.000Z
2368365,1,1,2016-03-30T11:17:00.000Z
764296,2,2,2016-02-04T08:42:00.000Z
779373,1,1,2016-02-28T05:58:00.000Z
771793,4,2,2016-02-18T20:23:00.000Z
868895,5,3,2016-03-16T00:14:00.000Z
808934,10,4,2016-03-27T16:07:00.000Z
939592,1,1,2016-03-27T14:51:00.000Z
771796,6,3,2016-03-27T16:58:00.000Z
2368371,1,1,2016-03-26T10:25:00.000Z
617535,1,1,2016-01-11T20:08:00.000Z
617961,1,1,2016-01-31T22:06:00.000Z
771797,1,1,2016-02-03T13:31:00.000Z
67584,1,1,2016-01-18T15:04:00.000Z
808936,2,1,2016-03-24T12:31:00.000Z
590480,1,1,2016-01-04T16:11:00.000Z
831713,2,1,2016-03-14T07:08:00.000Z
2406478,1,1,2016-03-26T13:50:00.000Z
793592,1,1,2016-03-21T12:34:00.000Z
904063,2,1,2016-03-26T22:02:00.000Z
586459,1,1,2016-01-02T09:49:00.000Z
791320,3,1,2016-03-06T09:33:00.000Z
771802,6,3,2016-02-12T16:51:00.000Z
808941,1,1,2016-03-01T00:30:00.000Z
600713,2,1,2016-01-13T14:27:00.000Z
2407123,3,3,2016-03-14T07:40:00.000Z
939600,3,3,2016-03-20T15:36:00.000Z
939602,12,6,2016-03-29T09:28:00.000Z
866315,2,2,2016-03-19T18:14:00.000Z
939603,1,1,2016-03-30T08:47:00.000Z
808945,1,1,2016-03-01T19:19:00.000Z
301011,1,1,2016-01-08T17:03:00.000Z
831720,2,1,2016-03-01T15:04:00.000Z
831721,2,2,2016-03-02T19:33:00.000Z
895195,1,1,2016-03-23T19:06:00.000Z
1289864,1,1,2016-01-26T07:40:00.000Z
808948,10,4,2016-03-20T15:49:00.000Z
779395,2,2,2016-02-14T12:01:00.000Z
904090,1,1,2016-03-23T17:33:00.000Z
1106115,2,2,2016-01-11T16:06:00.000Z
820361,6,3,2016-03-20T17:58:00.000Z
771816,8,4,2016-03-23T11:09:00.000Z
788649,1,1,2016-01-15T16:12:00.000Z
939606,1,1,2016-03-30T05:53:00.000Z
831728,1,1,2016-03-12T20:45:00.000Z
939607,1,1,2016-03-30T11:56:00.000Z
808949,6,3,2016-03-09T08:24:00.000Z
806460,1,1,2016-02-13T19:58:00.000Z
460303,1,1,2016-01-22T16:30:00.000Z
808950,12,5,2016-03-27T10:37:00.000Z
925955,1,1,2016-03-30T08:40:00.000Z
771823,1,1,2016-02-06T11:10:00.000Z
853642,1,1,2016-03-06T21:22:00.000Z
904101,3,3,2016-03-28T20:22:00.000Z
831732,3,3,2016-03-15T22:32:00.000Z
1106137,2,2,2016-01-08T21:13:00.000Z
865372,2,1,2016-03-28T06:07:00.000Z
2255518,7,5,2016-02-26T13:14:00.000Z
779410,2,2,2016-02-03T12:04:00.000Z
771830,1,1,2016-01-01T14:43:00.000Z
507286,6,4,2016-01-04T17:01:00.000Z
1293309,1,1,2016-03-23T11:03:00.000Z
939619,2,2,2016-03-13T10:57:00.000Z
988056,1,1,2016-03-31T17:35:00.000Z
18031,2,2,2016-01-28T18:49:00.000Z
808958,8,5,2016-03-02T09:10:00.000Z
840343,1,1,2016-03-05T18:37:00.000Z
1106156,1,1,2016-03-31T20:16:00.000Z
793616,2,2,2016-01-25T04:11:00.000Z
939622,3,3,2016-03-30T13:29:00.000Z
868925,1,1,2016-03-08T10:27:00.000Z
764342,1,1,2016-02-02T06:11:00.000Z
808961,2,1,2016-02-22T16:24:00.000Z
853655,1,1,2016-02-16T15:45:00.000Z
939624,6,3,2016-03-31T21:22:00.000Z
2203312,1,1,2016-03-31T20:46:00.000Z
808965,7,4,2016-03-06T09:16:00.000Z
788672,2,2,2016-02-11T19:21:00.000Z
808966,11,5,2016-03-24T04:14:00.000Z
633678,1,1,2016-02-11T19:05:00.000Z
786099,1,1,2016-02-09T14:10:00.000Z
808969,5,3,2016-03-08T10:47:00.000Z
859311,3,3,2016-03-10T19:04:00.000Z
830980,11,6,2016-03-25T14:05:00.000Z
792729,1,1,2016-03-30T17:50:00.000Z
820387,4,3,2016-01-27T13:54:00.000Z
892515,2,2,2016-03-23T07:31:00.000Z
2203323,3,3,2016-02-27T09:07:00.000Z
808976,1,1,2016-03-02T15:30:00.000Z
866192,3,3,2016-03-26T20:57:00.000Z
930015,3,2,2016-03-31T08:09:00.000Z
1297586,1,1,2016-03-09T04:51:00.000Z
866195,1,1,2016-03-12T00:19:00.000Z
820398,4,3,2016-03-05T22:03:00.000Z
803542,1,1,2016-03-31T14:52:00.000Z
593622,1,1,2016-01-21T12:05:00.000Z
831755,2,2,2016-03-15T13:31:00.000Z
771848,5,3,2016-02-11T11:39:00.000Z
764355,1,1,2016-01-22T14:42:00.000Z
2255559,2,2,2016-03-30T18:57:00.000Z
919180,1,1,2016-03-26T09:08:00.000Z
771849,3,3,2016-02-19T21:22:00.000Z
808979,1,1,2016-02-22T19:30:00.000Z
866197,1,1,2016-03-11T17:13:00.000Z
777084,1,1,2016-02-06T16:08:00.000Z
621621,1,1,2016-01-17T15:21:00.000Z
808983,3,3,2016-02-15T20:41:00.000Z
772142,1,1,2016-03-10T20:10:00.000Z
771003,3,3,2016-02-27T16:24:00.000Z
808984,1,1,2016-02-19T15:58:00.000Z
771855,1,1,2016-02-19T01:15:00.000Z
733281,1,1,2016-01-26T16:09:00.000Z
892523,9,4,2016-03-27T20:22:00.000Z
771856,1,1,2016-02-06T09:28:00.000Z
808988,4,3,2016-02-20T22:04:00.000Z
730254,1,1,2016-01-21T09:02:00.000Z
771858,1,1,2016-03-05T11:37:00.000Z
866202,1,1,2016-03-16T11:31:00.000Z
808990,1,1,2016-02-24T08:47:00.000Z
2090526,9,2,2016-03-24T01:41:00.000Z
939659,10,7,2016-03-31T17:51:00.000Z
778615,1,1,2016-03-12T15:45:00.000Z
771867,11,6,2016-03-31T17:57:00.000Z
809337,5,3,2016-02-24T16:05:00.000Z
779442,3,2,2016-01-22T14:13:00.000Z
939662,1,1,2016-03-30T12:48:00.000Z
904173,1,1,2016-03-25T08:20:00.000Z
904174,2,2,2016-03-29T16:58:00.000Z
831766,2,2,2016-03-05T19:35:00.000Z
808997,6,2,2016-03-22T04:33:00.000Z
892532,1,1,2016-03-20T20:39:00.000Z
816289,2,2,2016-03-09T05:31:00.000Z
868961,1,1,2016-03-16T16:28:00.000Z
2285609,2,2,2016-03-07T21:45:00.000Z
793649,3,3,2016-03-30T07:28:00.000Z
771872,3,2,2016-02-07T14:10:00.000Z
809000,6,6,2016-03-12T20:20:00.000Z
771876,6,4,2016-02-07T17:54:00.000Z
771877,2,2,2016-01-31T18:38:00.000Z
2359733,1,1,2016-01-26T21:50:00.000Z
809006,2,2,2016-02-16T13:23:00.000Z
891747,1,1,2016-03-24T13:44:00.000Z
601422,1,1,2016-01-09T15:41:00.000Z
866215,1,1,2016-03-07T16:00:00.000Z
939668,5,4,2016-03-12T18:50:00.000Z
416232,1,1,2016-02-13T05:15:00.000Z
793652,1,1,2016-03-24T08:50:00.000Z
830884,1,1,2016-03-11T12:26:00.000Z
809008,7,6,2016-03-09T12:11:00.000Z
771881,4,3,2016-03-22T07:26:00.000Z
771882,3,2,2016-02-17T23:09:00.000Z
930047,1,1,2016-03-28T15:36:00.000Z
809010,3,2,2016-02-16T14:34:00.000Z
939673,1,1,2016-03-28T11:20:00.000Z
764396,5,4,2016-01-25T08:39:00.000Z
809011,7,4,2016-02-27T10:18:00.000Z
875048,1,1,2016-03-15T08:53:00.000Z
721900,1,1,2016-02-06T19:20:00.000Z
831775,2,2,2016-03-29T16:07:00.000Z
803575,3,1,2016-02-19T09:08:00.000Z
939679,3,2,2016-03-28T16:27:00.000Z
939680,6,4,2016-03-28T10:53:00.000Z
800825,1,1,2016-02-16T12:42:00.000Z
788725,3,3,2016-02-19T19:41:00.000Z
2090538,1,1,2016-03-30T14:58:00.000Z
809018,1,1,2016-02-17T22:03:00.000Z
764405,1,1,2016-02-12T17:37:00.000Z
788727,4,3,2016-01-23T10:07:00.000Z
771888,1,1,2016-02-25T16:11:00.000Z
788728,1,1,2016-03-15T08:58:00.000Z
779471,1,1,2016-02-10T06:38:00.000Z
809021,1,1,2016-02-19T21:28:00.000Z
820442,1,1,2016-02-27T09:56:00.000Z
2425739,1,1,2016-03-26T04:45:00.000Z
771889,2,1,2016-01-27T15:43:00.000Z
793662,3,3,2016-03-31T20:49:00.000Z
892554,1,1,2016-03-22T06:04:00.000Z
820443,3,2,2016-03-05T16:01:00.000Z
919220,1,1,2016-03-28T09:58:00.000Z
919222,1,1,2016-03-26T17:25:00.000Z
831788,3,2,2016-03-06T20:37:00.000Z
866231,2,1,2016-03-15T15:13:00.000Z
930066,1,1,2016-03-29T15:41:00.000Z
892557,1,1,2016-03-09T13:36:00.000Z
831789,5,5,2016-03-05T20:20:00.000Z
892558,2,2,2016-03-24T17:03:00.000Z
930067,1,1,2016-03-30T08:49:00.000Z
868982,1,1,2016-03-12T08:50:00.000Z
809028,2,2,2016-02-18T09:20:00.000Z
1445,2,2,2016-03-06T15:47:00.000Z
2023963,1,1,2016-03-04T19:34:00.000Z
880319,1,1,2016-03-30T11:07:00.000Z
868986,2,2,2016-03-15T13:53:00.000Z
939694,2,2,2016-03-27T12:24:00.000Z
370637,1,1,2016-01-18T13:58:00.000Z
808003,1,1,2016-02-28T08:25:00.000Z
805455,1,1,2016-02-23T12:09:00.000Z
939695,3,3,2016-01-14T16:16:00.000Z
919229,2,1,2016-03-29T10:42:00.000Z
793670,4,4,2016-01-29T16:37:00.000Z
2359771,4,2,2016-01-22T10:21:00.000Z
809034,2,2,2016-03-03T05:39:00.000Z
793672,1,1,2016-01-21T16:30:00.000Z
809035,4,3,2016-03-03T04:41:00.000Z
939699,1,1,2016-03-01T12:55:00.000Z
597268,8,5,2016-01-10T15:02:00.000Z
882376,1,1,2016-03-19T14:14:00.000Z
866244,6,3,2016-03-25T19:36:00.000Z
788744,2,2,2016-01-18T09:35:00.000Z
771902,1,1,2016-01-15T18:35:00.000Z
771903,1,1,2016-03-27T15:12:00.000Z
747690,1,1,2016-01-16T18:49:00.000Z
779485,7,5,2016-02-04T21:35:00.000Z
736517,2,1,2016-01-24T10:04:00.000Z
779486,1,1,2016-01-09T03:28:00.000Z
939702,1,1,2016-03-04T19:02:00.000Z
764429,2,2,2016-02-27T19:44:00.000Z
742848,3,3,2016-02-09T19:10:00.000Z
859379,1,1,2016-03-11T07:38:00.000Z
2285664,2,2,2016-03-26T10:02:00.000Z
777129,1,1,2016-01-10T19:09:00.000Z
771907,1,1,2016-02-09T17:45:00.000Z
720398,1,1,2016-01-20T17:22:00.000Z
819332,1,1,2016-03-06T20:44:00.000Z
771048,2,2,2016-02-06T20:34:00.000Z
820456,1,1,2016-01-27T15:30:00.000Z
809039,3,2,2016-02-19T17:57:00.000Z
865408,1,1,2016-03-16T17:59:00.000Z
831810,2,2,2016-03-06T12:12:00.000Z
904273,1,1,2016-03-24T05:45:00.000Z
904274,3,2,2016-03-31T08:04:00.000Z
2420980,2,2,2016-03-21T09:48:00.000Z
788751,1,1,2016-02-01T21:35:00.000Z
892573,1,1,2016-03-19T16:53:00.000Z
809043,3,2,2016-03-06T12:46:00.000Z
939712,2,2,2016-03-23T06:16:00.000Z
817317,6,6,2016-03-25T13:54:00.000Z
771911,6,5,2016-03-08T10:23:00.000Z
916065,1,1,2016-03-26T09:01:00.000Z
2360384,10,5,2016-03-16T12:10:00.000Z
809045,2,2,2016-02-27T19:56:00.000Z
859389,1,1,2016-03-26T16:15:00.000Z
866255,1,1,2016-03-05T12:04:00.000Z
939713,1,1,2016-03-04T21:06:00.000Z
892577,2,1,2016-03-21T07:05:00.000Z
893061,6,2,2016-03-27T07:50:00.000Z
779489,1,1,2016-03-03T02:28:00.000Z
865413,2,1,2016-03-19T11:40:00.000Z
809047,2,1,2016-03-31T21:42:00.000Z
737179,1,1,2016-01-24T11:40:00.000Z
930093,1,1,2016-03-30T19:40:00.000Z
922283,1,1,2016-03-28T15:12:00.000Z
850779,1,1,2016-03-03T15:42:00.000Z
930094,2,2,2016-03-29T15:32:00.000Z
831815,1,1,2016-03-03T12:41:00.000Z
642504,1,1,2016-03-30T06:07:00.000Z
809048,5,4,2016-03-09T13:18:00.000Z
904295,1,1,2016-03-24T16:44:00.000Z
930097,1,1,2016-03-30T15:04:00.000Z
939717,2,2,2016-03-30T08:10:00.000Z
904299,3,1,2016-03-30T12:04:00.000Z
531053,1,1,2016-01-11T07:09:00.000Z
2368559,5,3,2016-02-19T19:26:00.000Z
779500,2,2,2016-02-14T06:00:00.000Z
2425806,2,2,2016-02-03T15:38:00.000Z
831820,3,2,2016-03-13T14:35:00.000Z
521247,2,2,2016-01-08T12:25:00.000Z
621328,1,1,2016-01-13T20:02:00.000Z
892587,2,1,2016-03-20T16:37:00.000Z
939719,2,2,2016-03-31T19:33:00.000Z
930104,1,1,2016-03-29T21:49:00.000Z
866270,2,2,2016-03-19T09:27:00.000Z
858517,2,1,2016-03-25T16:17:00.000Z
789241,2,2,2016-02-21T09:20:00.000Z
1106301,2,1,2016-03-26T08:23:00.000Z
817331,1,1,2016-02-25T12:36:00.000Z
831826,2,2,2016-02-28T12:29:00.000Z
939723,1,1,2016-03-30T16:43:00.000Z
764451,1,1,2016-01-11T13:11:00.000Z
930111,1,1,2016-03-30T21:03:00.000Z
793693,4,3,2016-02-19T08:42:00.000Z
549032,2,2,2016-01-12T21:33:00.000Z
597265,3,3,2016-01-17T16:15:00.000Z
806431,1,1,2016-02-02T18:34:00.000Z
771924,1,1,2016-02-09T09:55:00.000Z
869019,2,2,2016-03-26T06:32:00.000Z
789265,4,2,2016-02-12T17:01:00.000Z
882400,1,1,2016-03-19T18:41:00.000Z
809063,3,2,2016-02-24T07:00:00.000Z
2368583,2,2,2016-02-26T16:27:00.000Z
786181,1,1,2016-03-05T19:14:00.000Z
2285716,2,2,2016-03-29T17:47:00.000Z
793697,1,1,2016-02-25T14:08:00.000Z
939732,2,1,2016-03-30T22:38:00.000Z
771927,7,4,2016-02-01T08:12:00.000Z
432894,1,1,2016-01-08T03:10:00.000Z
492897,2,2,2016-01-20T14:11:00.000Z
894339,1,1,2016-03-23T12:18:00.000Z
930123,2,2,2016-03-31T19:52:00.000Z
592732,1,1,2016-01-13T05:04:00.000Z
904340,3,2,2016-03-27T17:45:00.000Z
820491,1,1,2016-03-01T04:12:00.000Z
859431,1,1,2016-01-07T12:55:00.000Z
820492,3,3,2016-03-12T14:30:00.000Z
71489,1,1,2016-03-20T15:40:00.000Z
892603,1,1,2016-03-22T20:00:00.000Z
809071,1,1,2016-03-05T06:19:00.000Z
809072,3,2,2016-02-22T08:15:00.000Z
809076,17,6,2016-03-21T12:33:00.000Z
918340,1,1,2016-03-28T10:26:00.000Z
809079,4,4,2016-02-22T19:08:00.000Z
820500,1,1,2016-02-26T09:51:00.000Z
819358,3,3,2016-03-19T16:24:00.000Z
242356,1,1,2016-03-01T09:03:00.000Z
422095,1,1,2016-03-30T14:24:00.000Z
859438,1,1,2016-03-11T02:21:00.000Z
830921,1,1,2016-03-03T19:24:00.000Z
830923,3,2,2016-03-04T12:30:00.000Z
173765,1,1,2016-01-08T07:29:00.000Z
1324574,1,1,2016-03-05T01:39:00.000Z
939753,1,1,2016-03-19T11:38:00.000Z
86703,1,1,2016-03-19T22:08:00.000Z
809081,4,2,2016-03-09T17:24:00.000Z
866302,3,2,2016-03-30T09:58:00.000Z
788787,2,2,2016-03-07T20:46:00.000Z
788788,1,1,2016-02-03T17:41:00.000Z
809083,2,2,2016-02-25T12:46:00.000Z
820513,10,5,2016-03-21T20:38:00.000Z
771941,6,3,2016-01-31T21:05:00.000Z
809085,11,7,2016-03-15T15:42:00.000Z
764468,1,1,2016-02-02T06:59:00.000Z
2368619,1,1,2016-01-15T15:44:00.000Z
809087,4,3,2016-01-16T14:38:00.000Z
771945,5,5,2016-03-28T13:46:00.000Z
820518,1,1,2016-01-07T17:11:00.000Z
788792,4,2,2016-03-31T19:10:00.000Z
939765,1,1,2016-03-24T07:04:00.000Z
939766,3,3,2016-03-21T22:48:00.000Z
789360,3,3,2016-02-14T17:50:00.000Z
866310,2,1,2016-03-18T19:32:00.000Z
788794,4,4,2016-02-13T21:02:00.000Z
997491,2,2,2016-03-07T20:10:00.000Z
809091,10,4,2016-03-28T15:50:00.000Z
2203482,2,2,2016-03-29T11:09:00.000Z
87234,1,1,2016-01-15T07:44:00.000Z
859460,1,1,2016-03-05T17:30:00.000Z
809094,4,4,2016-02-24T19:10:00.000Z
597491,4,4,2016-01-08T13:56:00.000Z
786206,3,1,2016-01-30T13:25:00.000Z
2285769,3,3,2016-03-05T06:55:00.000Z
750489,1,1,2016-01-29T19:26:00.000Z
820524,1,1,2016-02-25T16:52:00.000Z
2203487,1,1,2016-01-14T12:09:00.000Z
939774,1,1,2016-03-25T12:37:00.000Z
889100,1,1,2016-03-24T12:34:00.000Z
2203490,4,3,2016-03-05T14:05:00.000Z
772828,3,2,2016-02-08T18:02:00.000Z
869060,2,2,2016-03-16T21:34:00.000Z
869062,1,1,2016-03-05T10:33:00.000Z
371772,2,2,2016-01-09T15:38:00.000Z
2203491,9,3,2016-03-26T12:46:00.000Z
901272,1,1,2016-03-25T15:44:00.000Z
939781,1,1,2016-03-02T16:04:00.000Z
809101,1,1,2016-02-12T15:56:00.000Z
904411,2,2,2016-03-28T21:27:00.000Z
809102,5,4,2016-02-22T17:15:00.000Z
724179,1,1,2016-01-20T18:49:00.000Z
820539,1,1,2016-01-03T23:04:00.000Z
791444,1,1,2016-02-14T17:02:00.000Z
939786,2,1,2016-02-28T18:31:00.000Z
861773,1,1,2016-03-12T19:18:00.000Z
865440,2,2,2016-03-14T10:28:00.000Z
803663,1,1,2016-03-12T18:41:00.000Z
771959,1,1,2016-02-04T15:45:00.000Z
831878,1,1,2016-03-05T05:51:00.000Z
904424,2,1,2016-03-26T07:31:00.000Z
809111,1,1,2016-02-19T17:41:00.000Z
926209,1,1,2016-03-30T15:39:00.000Z
892643,5,3,2016-03-13T12:10:00.000Z
820543,2,1,2016-02-25T15:19:00.000Z
930171,3,3,2016-03-30T07:19:00.000Z
860648,1,1,2016-03-10T12:03:00.000Z
867373,1,1,2016-03-17T18:10:00.000Z
802455,3,3,2016-03-06T09:13:00.000Z
820544,3,2,2016-03-30T10:19:00.000Z
820545,1,1,2016-02-27T15:58:00.000Z
930176,2,2,2016-03-29T08:39:00.000Z
576231,2,1,2016-01-03T21:27:00.000Z
809116,2,2,2016-02-22T19:55:00.000Z
796033,1,1,2016-02-12T00:17:00.000Z
809117,4,3,2016-03-06T09:55:00.000Z
2285790,10,1,2016-03-25T13:44:00.000Z
190586,1,1,2016-01-17T17:07:00.000Z
831888,2,2,2016-03-01T21:59:00.000Z
771974,5,2,2016-02-10T09:24:00.000Z
536151,1,1,2016-01-11T14:15:00.000Z
866335,1,1,2016-03-20T12:50:00.000Z
771978,1,1,2016-02-05T03:06:00.000Z
809123,1,1,2016-02-03T20:19:00.000Z
820562,4,2,2016-02-04T13:57:00.000Z
809125,1,1,2016-03-19T17:50:00.000Z
788827,2,2,2016-03-10T14:27:00.000Z
820565,3,1,2016-03-02T05:52:00.000Z
820566,3,3,2016-02-26T13:17:00.000Z
809127,2,1,2016-03-18T10:53:00.000Z
820568,4,2,2016-03-29T11:58:00.000Z
819402,1,1,2016-03-06T13:26:00.000Z
793729,2,2,2016-01-14T15:12:00.000Z
892659,2,2,2016-03-21T17:56:00.000Z
870025,2,1,2016-03-17T22:55:00.000Z
930191,1,1,2016-03-31T14:57:00.000Z
892661,3,2,2016-03-12T17:30:00.000Z
809128,11,6,2016-03-27T20:20:00.000Z
866344,1,1,2016-03-12T14:42:00.000Z
866345,4,3,2016-03-13T11:25:00.000Z
820573,3,3,2016-03-02T10:04:00.000Z
865452,2,2,2016-03-23T14:44:00.000Z
904463,1,1,2016-03-11T07:18:00.000Z
809133,2,1,2016-03-11T08:51:00.000Z
2420497,1,1,2016-01-10T19:58:00.000Z
939807,5,4,2016-03-30T19:30:00.000Z
596302,1,1,2016-01-03T19:56:00.000Z
820580,4,3,2016-03-29T14:58:00.000Z
771985,3,3,2016-02-04T16:32:00.000Z
809139,6,5,2016-02-21T20:43:00.000Z
727203,1,1,2016-01-18T17:02:00.000Z
831909,4,2,2016-01-22T18:24:00.000Z
856641,5,4,2016-03-10T12:02:00.000Z
763446,1,1,2016-02-09T20:27:00.000Z
820583,1,1,2016-01-03T09:17:00.000Z
809143,2,2,2016-02-18T13:42:00.000Z
904480,1,1,2016-03-24T14:21:00.000Z
809147,3,2,2016-02-24T16:58:00.000Z
850897,2,2,2016-01-04T12:21:00.000Z
901312,1,1,2016-03-25T21:19:00.000Z
788844,4,3,2016-02-17T16:57:00.000Z
831913,1,1,2016-03-06T09:58:00.000Z
764531,2,2,2016-01-19T19:20:00.000Z
919359,1,1,2016-03-29T09:31:00.000Z
850900,2,2,2016-03-05T14:31:00.000Z
904484,2,2,2016-03-26T20:04:00.000Z
2414971,15,8,2016-02-03T18:24:00.000Z
82389,1,1,2016-01-08T11:33:00.000Z
830954,1,1,2016-03-04T03:43:00.000Z
791470,1,1,2016-02-14T15:09:00.000Z
838360,1,1,2016-03-01T19:12:00.000Z
809148,3,2,2016-03-13T13:17:00.000Z
850903,1,1,2016-03-08T21:50:00.000Z
601176,1,1,2016-01-02T17:26:00.000Z
802478,3,3,2016-03-23T12:37:00.000Z
1108443,6,3,2016-03-20T11:56:00.000Z
939819,2,1,2016-03-31T12:29:00.000Z
809151,2,2,2016-02-19T15:13:00.000Z
809152,4,2,2016-03-27T13:07:00.000Z
779576,5,4,2016-01-26T21:35:00.000Z
786241,1,1,2016-02-11T19:47:00.000Z
1106456,2,2,2016-01-13T14:05:00.000Z
809156,2,2,2016-03-02T17:49:00.000Z
919367,1,1,2016-03-25T13:46:00.000Z
2429528,8,8,2016-03-31T21:47:00.000Z
894398,1,1,2016-03-23T08:51:00.000Z
895427,1,1,2016-03-30T14:41:00.000Z
866372,3,2,2016-03-19T19:47:00.000Z
892687,2,1,2016-03-23T13:19:00.000Z
933291,1,1,2016-03-22T20:49:00.000Z
924886,1,1,2016-03-30T06:28:00.000Z
788854,4,3,2016-02-16T20:19:00.000Z
809162,1,1,2016-03-06T11:25:00.000Z
131449,1,1,2016-01-15T15:55:00.000Z
2203543,1,1,2016-02-21T04:34:00.000Z
820601,3,3,2016-03-23T08:19:00.000Z
178022,1,1,2016-03-29T12:51:00.000Z
803703,1,1,2016-03-05T15:33:00.000Z
820603,2,2,2016-03-06T14:15:00.000Z
820605,1,1,2016-03-06T11:56:00.000Z
866377,1,1,2016-03-13T11:43:00.000Z
2203546,1,1,2016-03-25T16:40:00.000Z
809165,3,3,2016-03-03T10:44:00.000Z
772000,1,1,2016-01-24T19:00:00.000Z
919378,2,2,2016-03-30T15:07:00.000Z
788856,2,2,2016-01-16T17:28:00.000Z
904526,1,1,2016-03-26T15:20:00.000Z
211993,1,1,2016-02-24T06:08:00.000Z
788857,3,3,2016-02-13T10:20:00.000Z
820607,2,2,2016-03-20T17:02:00.000Z
779588,1,1,2016-02-26T11:24:00.000Z
802485,3,2,2016-02-21T14:16:00.000Z
788858,2,1,2016-02-09T16:05:00.000Z
866380,1,1,2016-03-13T20:23:00.000Z
809166,2,1,2016-02-24T13:53:00.000Z
791480,2,2,2016-02-14T08:42:00.000Z
820609,1,1,2016-02-25T17:16:00.000Z
732996,2,1,2016-01-20T08:53:00.000Z
939833,2,1,2016-03-29T09:10:00.000Z
820610,1,1,2016-03-05T08:52:00.000Z
859548,2,1,2016-03-12T18:27:00.000Z
793752,1,1,2016-02-24T09:05:00.000Z
773728,1,1,2016-02-06T16:28:00.000Z
904542,1,1,2016-03-29T09:13:00.000Z
601098,1,1,2016-01-07T06:59:00.000Z
45769,1,1,2016-03-12T11:28:00.000Z
585831,1,1,2016-01-02T09:43:00.000Z
904546,1,1,2016-03-23T16:43:00.000Z
610413,1,1,2016-01-13T20:19:00.000Z
866381,1,1,2016-03-13T13:42:00.000Z
2368726,1,1,2016-03-30T09:33:00.000Z
939838,1,1,2016-03-02T08:49:00.000Z
820615,1,1,2016-02-24T11:52:00.000Z
820616,2,2,2016-02-19T14:37:00.000Z
304977,1,1,2016-01-06T03:41:00.000Z
366496,1,1,2016-01-02T15:11:00.000Z
480591,1,1,2016-03-26T05:17:00.000Z
552589,1,1,2016-01-16T05:33:00.000Z
809169,3,3,2016-03-21T00:03:00.000Z
892698,2,2,2016-03-24T09:56:00.000Z
779592,3,2,2016-02-08T04:52:00.000Z
820619,2,2,2016-03-24T10:59:00.000Z
2090685,3,3,2016-03-19T14:52:00.000Z
924896,1,1,2016-03-30T10:23:00.000Z
739893,1,1,2016-01-15T20:05:00.000Z
892702,2,1,2016-03-22T06:05:00.000Z
833923,1,1,2016-03-30T15:43:00.000Z
943214,1,1,2016-03-28T18:46:00.000Z
817449,1,1,2016-01-09T17:21:00.000Z
749945,2,2,2016-01-28T21:27:00.000Z
819426,1,1,2016-03-16T21:43:00.000Z
866389,1,1,2016-01-26T18:57:00.000Z
930241,3,2,2016-03-27T10:16:00.000Z
809172,1,1,2016-03-16T19:12:00.000Z
2368744,10,4,2016-03-04T09:18:00.000Z
809173,3,3,2016-02-19T13:39:00.000Z
939846,3,3,2016-03-08T15:29:00.000Z
866393,1,1,2016-03-10T15:10:00.000Z
608113,1,1,2016-01-08T20:35:00.000Z
924899,1,1,2016-03-29T22:57:00.000Z
892706,3,2,2016-03-19T08:45:00.000Z
866394,2,2,2016-03-13T13:46:00.000Z
820627,14,5,2016-03-11T06:00:00.000Z
809176,2,2,2016-02-19T12:54:00.000Z
809177,2,2,2016-03-18T16:48:00.000Z
1998924,3,3,2016-03-23T07:12:00.000Z
333816,1,1,2016-02-13T20:01:00.000Z
809183,1,1,2016-02-08T21:32:00.000Z
788877,4,3,2016-01-10T15:38:00.000Z
809185,3,2,2016-03-19T09:00:00.000Z
786270,1,1,2016-02-10T04:20:00.000Z
892715,1,1,2016-03-19T14:11:00.000Z
791497,2,2,2016-01-19T18:21:00.000Z
745315,1,1,2016-01-16T17:16:00.000Z
926319,2,2,2016-03-30T19:52:00.000Z
559573,1,1,2016-01-06T04:15:00.000Z
83865,1,1,2016-01-18T18:23:00.000Z
809188,1,1,2016-02-21T19:08:00.000Z
652906,3,2,2016-01-19T07:07:00.000Z
2393200,3,3,2016-03-29T17:03:00.000Z
894417,2,2,2016-03-28T10:23:00.000Z
803732,5,5,2016-02-13T22:38:00.000Z
941006,5,5,2016-03-12T18:33:00.000Z
939866,1,1,2016-01-16T05:11:00.000Z
2285914,3,2,2016-03-30T13:22:00.000Z
866405,1,1,2016-03-15T12:34:00.000Z
939867,1,1,2016-03-31T21:10:00.000Z
2285918,1,1,2016-01-06T11:03:00.000Z
820639,1,1,2016-02-24T14:30:00.000Z
820641,5,4,2016-03-02T11:49:00.000Z
772028,3,3,2016-02-07T21:04:00.000Z
2059372,1,1,2016-01-19T16:26:00.000Z
772030,2,2,2016-03-05T21:37:00.000Z
325546,2,2,2016-01-13T19:22:00.000Z
831969,2,1,2016-03-08T09:48:00.000Z
809192,1,1,2016-02-14T17:17:00.000Z
772034,1,1,2016-02-01T11:39:00.000Z
892729,1,1,2016-03-20T07:28:00.000Z
788891,4,3,2016-03-11T12:11:00.000Z
788893,6,4,2016-03-06T04:50:00.000Z
892732,1,1,2016-03-20T07:41:00.000Z
772042,2,1,2016-02-05T10:10:00.000Z
809198,4,2,2016-02-11T17:47:00.000Z
809199,2,2,2016-03-05T11:09:00.000Z
866417,1,1,2016-03-03T07:47:00.000Z
939878,3,3,2016-03-03T21:43:00.000Z
2203596,8,3,2016-02-19T17:03:00.000Z
808093,1,1,2016-03-27T16:31:00.000Z
820653,4,3,2016-03-20T14:16:00.000Z
820654,1,1,2016-02-26T06:21:00.000Z
810268,6,5,2016-02-18T09:58:00.000Z
809204,7,4,2016-03-29T17:00:00.000Z
615122,1,1,2016-01-10T14:01:00.000Z
809207,1,1,2016-03-02T11:09:00.000Z
772052,2,1,2016-03-26T14:38:00.000Z
866427,1,1,2016-03-07T14:37:00.000Z
880514,5,3,2016-03-29T14:44:00.000Z
865482,2,2,2016-03-24T21:50:00.000Z
803748,1,1,2016-02-19T16:33:00.000Z
772054,3,3,2016-03-24T16:46:00.000Z
809209,4,2,2016-02-23T07:31:00.000Z
779618,2,2,2016-01-25T18:21:00.000Z
2368806,2,2,2016-03-29T08:15:00.000Z
887130,1,1,2016-03-20T16:34:00.000Z
820659,1,1,2016-03-12T17:11:00.000Z
2393231,1,1,2016-02-20T16:46:00.000Z
865485,7,3,2016-03-13T15:25:00.000Z
820661,2,2,2016-02-21T11:39:00.000Z
788911,1,1,2016-02-12T21:09:00.000Z
2360014,1,1,2016-01-16T14:15:00.000Z
921254,1,1,2016-03-29T15:57:00.000Z
1108688,4,2,2016-03-24T11:47:00.000Z
893861,7,4,2016-03-25T06:52:00.000Z
803754,2,2,2016-02-21T12:16:00.000Z
930290,1,1,2016-03-30T19:23:00.000Z
809216,3,3,2016-03-11T10:49:00.000Z
2203607,12,7,2016-03-24T19:57:00.000Z
820665,1,1,2016-03-02T16:42:00.000Z
809218,2,2,2016-02-24T08:56:00.000Z
892747,2,2,2016-03-10T21:30:00.000Z
2285956,3,1,2016-03-20T16:44:00.000Z
808103,1,1,2016-02-23T11:14:00.000Z
159156,1,1,2016-03-06T10:17:00.000Z
832005,2,2,2016-03-03T07:55:00.000Z
809222,1,1,2016-02-12T11:09:00.000Z
115518,2,2,2016-03-05T17:41:00.000Z
898831,1,1,2016-03-23T10:07:00.000Z
2090745,5,2,2016-03-28T12:29:00.000Z
788922,2,1,2016-03-05T16:03:00.000Z
809226,5,5,2016-02-05T20:16:00.000Z
2021277,2,2,2016-02-01T17:59:00.000Z
772068,3,3,2016-03-01T19:44:00.000Z
703886,2,2,2016-03-26T14:57:00.000Z
809228,3,2,2016-02-27T13:50:00.000Z
474745,2,1,2016-01-21T11:33:00.000Z
936702,1,1,2016-03-30T16:24:00.000Z
159026,1,1,2016-03-06T12:58:00.000Z
930307,1,1,2016-03-29T12:42:00.000Z
809229,4,3,2016-02-19T15:44:00.000Z
809230,9,2,2016-03-24T23:12:00.000Z
18072,1,1,2016-01-16T17:09:00.000Z
809231,16,8,2016-03-30T15:57:00.000Z
638935,1,1,2016-01-21T12:47:00.000Z
820685,4,2,2016-03-02T05:13:00.000Z
788930,3,3,2016-02-07T02:03:00.000Z
2203620,3,2,2016-03-29T14:29:00.000Z
930312,1,1,2016-03-31T10:10:00.000Z
71491,2,2,2016-03-26T07:02:00.000Z
859641,3,1,2016-03-11T08:00:00.000Z
832021,3,3,2016-03-11T10:25:00.000Z
939912,2,2,2016-03-29T21:26:00.000Z
69889,1,1,2016-03-06T17:54:00.000Z
788936,5,5,2016-03-20T13:24:00.000Z
820693,3,3,2016-03-02T05:11:00.000Z
820695,2,2,2016-03-07T19:45:00.000Z
771123,1,1,2016-03-26T21:22:00.000Z
792875,1,1,2016-03-24T15:10:00.000Z
720995,1,1,2016-01-16T09:23:00.000Z
85945,1,1,2016-01-02T01:18:00.000Z
2203633,1,1,2016-02-16T16:29:00.000Z
894435,1,1,2016-03-23T16:08:00.000Z
788941,2,1,2016-02-19T17:11:00.000Z
939922,3,1,2016-03-31T19:01:00.000Z
2285984,1,1,2016-01-15T10:11:00.000Z
819466,1,1,2016-03-02T08:40:00.000Z
621470,2,2,2016-01-22T13:45:00.000Z
892770,5,3,2016-03-24T16:26:00.000Z
939925,2,2,2016-03-29T18:36:00.000Z
788942,1,1,2016-02-11T04:31:00.000Z
790685,1,1,2016-02-14T07:36:00.000Z
2368852,16,10,2016-03-23T06:07:00.000Z
939928,1,1,2016-03-28T20:27:00.000Z
869202,1,1,2016-03-13T06:28:00.000Z
779642,4,2,2016-01-27T21:50:00.000Z
730056,1,1,2016-01-22T00:15:00.000Z
832036,1,1,2016-01-28T16:35:00.000Z
809245,2,1,2016-03-24T17:24:00.000Z
788945,1,1,2016-02-14T01:31:00.000Z
764656,1,1,2016-01-05T09:03:00.000Z
809247,3,2,2016-03-13T20:35:00.000Z
163109,2,2,2016-03-31T11:41:00.000Z
872104,1,1,2016-03-19T18:08:00.000Z
832040,1,1,2016-03-01T15:33:00.000Z
1106652,2,2,2016-03-09T09:33:00.000Z
809249,3,2,2016-02-28T21:15:00.000Z
924949,1,1,2016-03-30T11:40:00.000Z
641735,2,2,2016-01-31T08:29:00.000Z
788947,1,1,2016-02-10T21:11:00.000Z
809251,2,1,2016-03-29T07:24:00.000Z
635874,2,2,2016-01-19T21:27:00.000Z
892783,1,1,2016-03-27T14:54:00.000Z
432435,1,1,2016-01-05T20:18:00.000Z
788949,5,3,2016-03-24T10:47:00.000Z
820713,1,1,2016-01-14T10:41:00.000Z
777290,1,1,2016-01-31T18:58:00.000Z
733756,1,1,2016-01-23T16:49:00.000Z
772088,3,2,2016-02-04T18:25:00.000Z
892787,1,1,2016-03-15T15:34:00.000Z
802532,1,1,2016-03-14T10:12:00.000Z
788951,1,1,2016-02-07T12:52:00.000Z
772091,1,1,2016-01-30T05:39:00.000Z
939941,3,2,2016-03-10T22:01:00.000Z
1703706,2,2,2016-03-10T15:03:00.000Z
894447,1,1,2016-03-25T19:26:00.000Z
820717,1,1,2016-02-25T09:03:00.000Z
866478,1,1,2016-03-11T16:58:00.000Z
788954,2,2,2016-01-21T20:52:00.000Z
787846,3,2,2016-03-25T21:50:00.000Z
2011067,1,1,2016-03-12T18:32:00.000Z
772098,1,1,2016-03-19T19:04:00.000Z
788958,3,1,2016-01-31T20:12:00.000Z
809264,15,5,2016-03-28T22:58:00.000Z
264705,1,1,2016-03-28T19:32:00.000Z
820728,3,2,2016-03-16T08:20:00.000Z
809266,3,3,2016-01-09T21:57:00.000Z
772101,3,2,2016-03-24T10:00:00.000Z
772102,2,2,2016-01-14T05:03:00.000Z
803807,1,1,2016-02-16T18:21:00.000Z
788959,1,1,2016-03-02T09:49:00.000Z
786343,3,3,2016-01-14T07:25:00.000Z
2203664,3,1,2016-02-06T16:00:00.000Z
788961,3,3,2016-03-20T12:37:00.000Z
820737,1,1,2016-03-18T06:35:00.000Z
779656,6,2,2016-02-09T19:34:00.000Z
2426146,2,2,2016-03-10T10:17:00.000Z
2286975,8,4,2016-03-24T14:29:00.000Z
206207,1,1,2016-03-30T13:18:00.000Z
1376155,1,1,2016-03-22T06:25:00.000Z
788969,4,3,2016-03-19T04:58:00.000Z
2203670,5,3,2016-03-22T20:16:00.000Z
2203672,1,1,2016-03-26T14:17:00.000Z
1373,1,1,2016-02-28T10:38:00.000Z
820745,1,1,2016-03-23T06:54:00.000Z
803815,3,2,2016-02-19T17:22:00.000Z
772117,2,1,2016-02-05T09:46:00.000Z
919490,1,1,2016-03-28T18:16:00.000Z
820747,3,3,2016-03-04T10:57:00.000Z
2368907,2,2,2016-03-22T13:16:00.000Z
624257,4,4,2016-01-12T10:07:00.000Z
788978,8,6,2016-03-25T14:11:00.000Z
894457,1,1,2016-03-25T10:19:00.000Z
930367,2,2,2016-03-30T10:17:00.000Z
820751,3,3,2016-03-31T12:49:00.000Z
2420731,1,1,2016-03-22T17:26:00.000Z
2203679,1,1,2016-03-04T11:42:00.000Z
919495,1,1,2016-03-29T12:20:00.000Z
629727,1,1,2016-01-15T07:47:00.000Z
869239,2,2,2016-03-26T04:45:00.000Z
809278,1,1,2016-03-07T20:23:00.000Z
2090790,5,3,2016-03-24T09:20:00.000Z
791575,2,2,2016-01-16T19:09:00.000Z
892821,2,1,2016-03-18T09:51:00.000Z
2090791,1,1,2016-01-02T05:58:00.000Z
832080,1,1,2016-03-02T16:26:00.000Z
806601,1,1,2016-02-21T15:03:00.000Z
851066,1,1,2016-03-07T18:06:00.000Z
939975,1,1,2016-03-31T19:44:00.000Z
793835,1,1,2016-01-17T23:22:00.000Z
98046,3,3,2016-01-13T18:36:00.000Z
866512,4,3,2016-03-25T08:24:00.000Z
2406521,1,1,2016-03-24T21:39:00.000Z
939977,12,7,2016-03-16T21:08:00.000Z
2287006,5,4,2016-03-29T14:43:00.000Z
82780,1,1,2016-03-26T06:54:00.000Z
162937,1,1,2016-01-23T16:25:00.000Z
892826,1,1,2016-01-03T04:17:00.000Z
939980,1,1,2016-03-12T15:47:00.000Z
841680,1,1,2016-02-19T02:32:00.000Z
174422,1,1,2016-03-08T17:44:00.000Z
803827,1,1,2016-02-19T08:47:00.000Z
788988,2,2,2016-03-06T17:49:00.000Z
2018993,3,2,2016-01-11T01:00:00.000Z
820763,1,1,2016-03-02T19:36:00.000Z
939982,1,1,2016-03-31T11:57:00.000Z
809284,2,1,2016-02-25T14:18:00.000Z
771147,2,2,2016-02-06T10:58:00.000Z
788990,6,5,2016-02-12T09:05:00.000Z
809286,1,1,2016-03-06T07:32:00.000Z
918442,1,1,2016-03-28T19:30:00.000Z
2426196,6,5,2016-03-19T20:03:00.000Z
2368931,1,1,2016-02-20T09:25:00.000Z
1057483,1,1,2016-03-23T04:35:00.000Z
788992,1,1,2016-01-11T08:42:00.000Z
809292,2,1,2016-03-19T15:15:00.000Z
788994,1,1,2016-02-24T09:34:00.000Z
100538,1,1,2016-03-24T14:25:00.000Z
866524,3,3,2016-01-23T05:50:00.000Z
832090,1,1,2016-02-24T14:11:00.000Z
820770,5,2,2016-03-24T12:47:00.000Z
788997,3,2,2016-02-09T19:09:00.000Z
27318,1,1,2016-03-26T18:48:00.000Z
866527,1,1,2016-03-19T16:31:00.000Z
788998,1,1,2016-02-19T11:44:00.000Z
733347,3,2,2016-01-24T14:31:00.000Z
820773,1,1,2016-03-09T13:09:00.000Z
488096,1,1,2016-01-24T12:16:00.000Z
788999,1,1,2016-03-19T16:57:00.000Z
530321,1,1,2016-01-26T06:47:00.000Z
2368945,2,1,2016-03-03T07:04:00.000Z
1385756,2,2,2016-01-17T09:31:00.000Z
530495,1,1,2016-01-09T17:20:00.000Z
930401,1,1,2016-03-29T09:01:00.000Z
803847,5,5,2016-02-20T17:52:00.000Z
882520,1,1,2016-03-20T15:06:00.000Z
892844,2,1,2016-03-22T11:15:00.000Z
817573,1,1,2016-02-23T15:14:00.000Z
600446,1,1,2016-01-06T10:07:00.000Z
894467,2,2,2016-03-30T10:56:00.000Z
789004,8,5,2016-02-23T12:03:00.000Z
411036,1,1,2016-01-06T12:09:00.000Z
2368953,4,2,2016-03-30T15:47:00.000Z
585562,2,2,2016-01-04T20:04:00.000Z
763525,1,1,2016-03-16T16:39:00.000Z
39353,1,1,2016-01-05T01:54:00.000Z
390361,1,1,2016-02-18T00:36:00.000Z
819507,2,2,2016-03-24T11:20:00.000Z
2216346,7,6,2016-03-19T18:21:00.000Z
789010,3,3,2016-02-10T20:35:00.000Z
809304,3,3,2016-03-30T08:35:00.000Z
868317,2,2,2016-03-29T22:00:00.000Z
809306,6,3,2016-03-26T05:33:00.000Z
257113,1,1,2016-02-28T18:13:00.000Z
1999889,6,4,2016-02-27T15:00:00.000Z
2092115,14,3,2016-03-29T16:33:00.000Z
895624,2,2,2016-03-21T19:26:00.000Z
797639,1,1,2016-02-17T17:00:00.000Z
772147,5,4,2016-03-05T13:25:00.000Z
866540,1,1,2016-03-08T19:30:00.000Z
606205,1,1,2016-01-08T18:31:00.000Z
940010,1,1,2016-03-26T08:35:00.000Z
904933,2,2,2016-03-30T11:44:00.000Z
809311,10,3,2016-03-12T10:52:00.000Z
894473,3,1,2016-03-24T15:14:00.000Z
809312,5,4,2016-02-22T13:28:00.000Z
833457,1,1,2016-03-10T21:37:00.000Z
773393,3,2,2016-02-08T10:01:00.000Z
892856,1,1,2016-03-27T16:56:00.000Z
809313,3,2,2016-03-18T13:48:00.000Z
1391279,1,1,2016-03-29T21:54:00.000Z
1106801,1,1,2016-01-13T18:09:00.000Z
809315,2,2,2016-02-27T07:56:00.000Z
636026,1,1,2016-03-29T00:06:00.000Z
891865,1,1,2016-03-24T08:56:00.000Z
809316,2,1,2016-03-26T06:29:00.000Z
803869,1,1,2016-03-08T17:36:00.000Z
2090836,4,3,2016-01-31T15:17:00.000Z
809317,3,2,2016-02-21T12:46:00.000Z
789022,2,2,2016-02-18T20:48:00.000Z
779704,1,1,2016-02-10T12:05:00.000Z
904945,1,1,2016-03-25T10:28:00.000Z
809320,3,2,2016-02-28T06:42:00.000Z
2203737,3,3,2016-03-23T13:08:00.000Z
809321,1,1,2016-02-03T10:23:00.000Z
729427,1,1,2016-01-23T05:59:00.000Z
832127,1,1,2016-03-02T12:15:00.000Z
809323,2,1,2016-02-24T10:24:00.000Z
820809,1,1,2016-01-08T21:11:00.000Z
803878,4,4,2016-02-18T18:44:00.000Z
869282,1,1,2016-03-12T09:11:00.000Z
747259,2,2,2016-01-26T22:20:00.000Z
940027,1,1,2016-03-30T07:34:00.000Z
924998,1,1,2016-03-30T08:25:00.000Z
2368983,3,2,2016-03-05T08:42:00.000Z
809325,11,8,2016-03-18T12:05:00.000Z
809326,4,4,2016-02-21T17:43:00.000Z
585283,3,3,2016-01-14T18:01:00.000Z
866564,2,2,2016-03-24T08:59:00.000Z
803882,1,1,2016-03-06T06:15:00.000Z
940030,2,2,2016-03-31T14:34:00.000Z
33773,1,1,2016-03-12T08:50:00.000Z
809327,1,1,2016-01-27T20:53:00.000Z
940031,1,1,2016-03-30T15:53:00.000Z
789030,3,3,2016-03-21T21:06:00.000Z
886721,1,1,2016-03-21T23:43:00.000Z
968315,1,1,2016-03-30T13:06:00.000Z
636445,1,1,2016-01-14T23:09:00.000Z
341651,1,1,2016-01-02T08:04:00.000Z
809331,7,4,2016-03-25T18:09:00.000Z
941623,1,1,2016-03-21T20:58:00.000Z
809332,2,2,2016-02-23T04:42:00.000Z
848249,1,1,2016-03-03T21:24:00.000Z
926551,1,1,2016-03-30T06:41:00.000Z
809333,13,5,2016-03-26T04:43:00.000Z
772177,2,1,2016-02-01T08:13:00.000Z
892878,3,3,2016-03-23T11:13:00.000Z
820829,2,1,2016-02-24T12:05:00.000Z
892880,1,1,2016-01-13T11:32:00.000Z
891877,1,1,2016-03-23T06:03:00.000Z
1106847,3,3,2016-03-16T08:58:00.000Z
869301,1,1,2016-03-07T12:35:00.000Z
892883,1,1,2016-03-25T11:19:00.000Z
2360176,1,1,2016-01-27T07:03:00.000Z
2426271,2,1,2016-03-23T13:09:00.000Z
2289102,3,2,2016-03-11T08:54:00.000Z
859790,1,1,2016-03-04T20:06:00.000Z
1398493,1,1,2016-03-15T10:25:00.000Z
809338,1,1,2016-03-08T18:42:00.000Z
809339,1,1,2016-02-27T11:36:00.000Z
779728,8,6,2016-03-12T22:55:00.000Z
930443,1,1,2016-03-30T20:24:00.000Z
819524,2,2,2016-03-20T09:02:00.000Z
894260,1,1,2016-03-17T16:32:00.000Z
832147,1,1,2016-03-02T15:04:00.000Z
866577,1,1,2016-03-06T12:01:00.000Z
212439,1,1,2016-03-04T23:12:00.000Z
61198,2,1,2016-01-11T17:48:00.000Z
803897,3,3,2016-03-08T07:17:00.000Z
892890,4,2,2016-03-24T08:45:00.000Z
2415002,1,1,2016-03-30T11:47:00.000Z
866582,1,1,2016-03-13T06:09:00.000Z
819528,2,2,2016-03-01T14:19:00.000Z
1873225,1,1,2016-01-10T19:27:00.000Z
132,1,1,2016-01-11T20:55:00.000Z
930447,6,4,2016-03-30T12:47:00.000Z
809349,4,3,2016-03-20T21:45:00.000Z
789047,2,1,2016-02-11T15:31:00.000Z
831030,5,3,2016-03-07T20:23:00.000Z
940064,1,1,2016-03-23T05:29:00.000Z
831031,1,1,2016-03-06T15:10:00.000Z
859803,1,1,2016-03-13T07:19:00.000Z
2360194,2,1,2016-03-10T08:10:00.000Z
820849,1,1,2016-02-19T13:02:00.000Z
789050,1,1,2016-01-22T20:21:00.000Z
789051,4,3,2016-03-06T14:32:00.000Z
793883,1,1,2016-02-15T12:36:00.000Z
820852,1,1,2016-03-03T14:05:00.000Z
850050,2,2,2016-03-28T23:31:00.000Z
789053,1,1,2016-01-28T21:38:00.000Z
508611,1,1,2016-01-21T21:57:00.000Z
789054,2,2,2016-02-08T22:27:00.000Z
866592,3,1,2016-03-14T09:15:00.000Z
511233,2,1,2016-01-09T20:56:00.000Z
892903,3,3,2016-03-13T16:09:00.000Z
2360196,1,1,2016-03-04T21:33:00.000Z
789055,3,2,2016-03-24T23:54:00.000Z
789056,4,4,2016-03-31T23:37:00.000Z
940076,2,1,2016-03-12T18:56:00.000Z
820859,1,1,2016-02-28T07:22:00.000Z
899033,1,1,2016-03-24T10:03:00.000Z
809360,6,3,2016-02-24T09:07:00.000Z
764773,2,2,2016-01-20T17:39:00.000Z
789059,2,2,2016-03-11T20:07:00.000Z
930462,1,1,2016-03-31T19:26:00.000Z
789060,12,7,2016-03-29T18:41:00.000Z
809362,3,2,2016-02-15T19:58:00.000Z
789061,7,4,2016-03-01T18:18:00.000Z
803921,1,1,2016-02-24T11:53:00.000Z
809364,2,2,2016-03-06T16:55:00.000Z
869328,3,2,2016-03-19T15:16:00.000Z
789062,3,3,2016-02-17T15:06:00.000Z
2287109,2,1,2016-03-12T22:52:00.000Z
789064,2,2,2016-02-14T14:24:00.000Z
809369,11,5,2016-03-29T08:43:00.000Z
772209,12,5,2016-01-27T05:49:00.000Z
820872,3,2,2016-03-08T10:10:00.000Z
905064,1,1,2016-03-29T10:50:00.000Z
792937,3,3,2016-02-28T05:30:00.000Z
789068,2,2,2016-01-13T19:20:00.000Z
809374,5,5,2016-03-21T12:13:00.000Z
787730,1,1,2016-03-21T19:45:00.000Z
797667,1,1,2016-02-17T19:58:00.000Z
926603,1,1,2016-03-30T10:07:00.000Z
940093,2,2,2016-03-29T17:54:00.000Z
630358,2,2,2016-01-12T10:35:00.000Z
803936,4,3,2016-03-07T11:17:00.000Z
2360203,1,1,2016-02-10T11:45:00.000Z
820878,3,2,2016-03-27T12:02:00.000Z
820879,2,2,2016-03-28T15:38:00.000Z
789072,4,2,2016-02-14T18:12:00.000Z
2287122,1,1,2016-03-05T15:22:00.000Z
789076,1,1,2016-02-12T17:49:00.000Z
772221,1,1,2016-02-03T06:40:00.000Z
789078,2,2,2016-02-23T17:31:00.000Z
930477,3,2,2016-03-30T07:42:00.000Z
793905,2,1,2016-03-14T19:23:00.000Z
809380,1,1,2016-03-15T13:55:00.000Z
808186,3,2,2016-03-24T17:51:00.000Z
809382,2,2,2016-02-28T17:27:00.000Z
786446,1,1,2016-02-01T17:38:00.000Z
789082,5,2,2016-03-05T09:53:00.000Z
483,1,1,2016-02-26T14:13:00.000Z
820897,1,1,2016-02-28T20:35:00.000Z
806707,1,1,2016-01-28T07:43:00.000Z
786452,2,2,2016-03-11T16:50:00.000Z
940108,3,3,2016-03-30T16:31:00.000Z
866623,1,1,2016-03-10T22:15:00.000Z
772227,2,2,2016-03-21T08:49:00.000Z
764800,1,1,2016-01-21T19:30:00.000Z
866624,2,2,2016-03-11T10:23:00.000Z
809387,1,1,2016-02-20T13:48:00.000Z
925034,1,1,2016-03-30T08:41:00.000Z
866626,1,1,2016-03-17T18:31:00.000Z
772230,6,5,2016-01-09T18:36:00.000Z
809392,1,1,2016-03-08T09:23:00.000Z
892936,15,5,2016-03-18T05:51:00.000Z
1106931,2,2,2016-03-06T13:08:00.000Z
2406529,18,5,2016-03-11T15:32:00.000Z
772232,2,2,2016-01-22T18:18:00.000Z
791644,1,1,2016-02-16T11:44:00.000Z
809395,1,1,2016-02-21T19:45:00.000Z
905127,2,2,2016-03-24T11:07:00.000Z
793912,1,1,2016-02-14T20:45:00.000Z
779770,2,2,2016-01-16T11:57:00.000Z
789090,2,2,2016-02-09T11:10:00.000Z
789091,3,2,2016-03-16T14:20:00.000Z
869356,1,1,2016-03-15T07:46:00.000Z
859416,1,1,2016-03-10T15:55:00.000Z
772243,3,3,2016-02-04T19:17:00.000Z
803958,6,3,2016-03-24T13:07:00.000Z
809401,1,1,2016-03-06T13:02:00.000Z
785456,1,1,2016-02-11T10:36:00.000Z
2360230,1,1,2016-01-19T20:53:00.000Z
469134,1,1,2016-03-29T09:40:00.000Z
2090895,1,1,2016-01-22T03:08:00.000Z
820910,5,2,2016-03-12T08:03:00.000Z
620473,1,1,2016-01-12T20:40:00.000Z
279464,1,1,2016-03-29T20:38:00.000Z
866643,4,4,2016-03-20T04:03:00.000Z
892947,1,1,2016-03-19T17:00:00.000Z
789095,2,2,2016-03-01T11:57:00.000Z
886109,1,1,2016-03-20T10:10:00.000Z
859872,4,2,2016-03-24T15:49:00.000Z
905163,1,1,2016-03-22T16:28:00.000Z
2203811,2,2,2016-01-11T01:33:00.000Z
809407,1,1,2016-02-09T04:49:00.000Z
2165751,1,1,2016-03-29T13:22:00.000Z
636464,1,1,2016-01-28T08:26:00.000Z
919621,1,1,2016-03-30T08:20:00.000Z
919622,1,1,2016-03-29T10:48:00.000Z
832217,1,1,2016-03-14T14:39:00.000Z
940130,1,1,2016-03-30T05:19:00.000Z
832218,2,2,2016-03-28T11:35:00.000Z
772251,6,4,2016-03-03T21:25:00.000Z
789099,1,1,2016-02-11T07:47:00.000Z
580854,1,1,2016-03-27T16:59:00.000Z
869372,2,2,2016-02-04T18:34:00.000Z
1999958,2,1,2016-03-19T09:06:00.000Z
778797,1,1,2016-02-09T15:29:00.000Z
803967,5,3,2016-01-31T09:05:00.000Z
892954,1,1,2016-03-15T20:23:00.000Z
779785,3,1,2016-03-09T17:06:00.000Z
789103,7,4,2016-02-28T14:56:00.000Z
789105,1,1,2016-02-09T19:34:00.000Z
819562,2,2,2016-02-28T17:46:00.000Z
820924,2,1,2016-03-24T12:15:00.000Z
2420956,1,1,2016-03-30T06:53:00.000Z
882584,1,1,2016-03-19T09:27:00.000Z
591868,1,1,2016-01-16T22:32:00.000Z
789107,1,1,2016-02-05T16:44:00.000Z
789109,1,1,2016-02-11T12:14:00.000Z
820927,2,2,2016-03-04T06:07:00.000Z
851227,1,1,2016-03-06T07:11:00.000Z
85476,1,1,2016-01-02T14:48:00.000Z
832225,1,1,2016-03-01T03:31:00.000Z
820928,1,1,2016-02-24T19:34:00.000Z
901691,1,1,2016-03-25T13:18:00.000Z
793938,1,1,2016-03-05T18:16:00.000Z
866660,1,1,2016-03-13T13:30:00.000Z
86003,1,1,2016-01-08T14:51:00.000Z
621695,3,3,2016-01-14T18:17:00.000Z
789112,3,2,2016-02-18T10:25:00.000Z
820932,3,3,2016-03-04T18:47:00.000Z
722988,1,1,2016-01-20T20:09:00.000Z
760863,1,1,2016-02-02T15:41:00.000Z
809423,1,1,2016-01-12T20:01:00.000Z
809424,1,1,2016-02-22T18:59:00.000Z
174189,1,1,2016-03-14T05:34:00.000Z
869391,1,1,2016-03-09T10:31:00.000Z
940149,1,1,2016-03-28T05:46:00.000Z
2369134,2,2,2016-03-19T12:26:00.000Z
855864,1,1,2016-03-27T09:33:00.000Z
930540,2,2,2016-03-31T20:06:00.000Z
789122,21,7,2016-03-25T12:59:00.000Z
793947,1,1,2016-02-15T09:03:00.000Z
772271,2,2,2016-03-04T04:41:00.000Z
803990,2,2,2016-02-20T12:54:00.000Z
789124,2,1,2016-02-02T18:57:00.000Z
809432,1,1,2016-03-06T14:07:00.000Z
930545,1,1,2016-03-30T10:03:00.000Z
596429,2,2,2016-01-20T13:17:00.000Z
586305,1,1,2016-01-03T14:05:00.000Z
803994,1,1,2016-02-19T17:18:00.000Z
926697,1,1,2016-03-29T19:03:00.000Z
2360306,2,1,2016-01-14T09:30:00.000Z
841890,1,1,2016-03-01T05:22:00.000Z
940154,3,3,2016-03-26T18:48:00.000Z
764853,1,1,2016-02-02T16:41:00.000Z
772276,1,1,2016-02-02T16:51:00.000Z
772277,1,1,2016-03-12T19:02:00.000Z
772278,1,1,2016-01-31T14:28:00.000Z
797707,1,1,2016-02-17T15:41:00.000Z
892975,1,1,2016-03-11T15:35:00.000Z
2360308,1,1,2016-03-09T11:09:00.000Z
1107044,2,1,2016-03-21T06:28:00.000Z
789127,1,1,2016-01-10T16:14:00.000Z
940163,7,5,2016-03-30T18:33:00.000Z
779807,1,1,2016-02-09T06:18:00.000Z
802628,1,1,2016-03-30T15:00:00.000Z
901726,1,1,2016-03-25T19:51:00.000Z
2426439,3,2,2016-02-24T11:45:00.000Z
404205,1,1,2016-01-09T15:34:00.000Z
809442,1,1,2016-03-03T08:29:00.000Z
940169,2,2,2016-03-27T22:16:00.000Z
892979,2,1,2016-03-31T06:08:00.000Z
940170,1,1,2016-03-30T17:39:00.000Z
819583,1,1,2016-02-26T19:44:00.000Z
905271,1,1,2016-03-04T08:20:00.000Z
819588,2,2,2016-03-16T11:22:00.000Z
809448,2,2,2016-03-05T18:49:00.000Z
789131,6,4,2016-02-02T04:59:00.000Z
793961,1,1,2016-02-21T18:10:00.000Z
809449,2,2,2016-02-24T15:58:00.000Z
809450,1,1,2016-02-03T13:04:00.000Z
809451,2,2,2016-03-08T07:46:00.000Z
866691,1,1,2016-03-13T18:42:00.000Z
2369183,1,1,2016-01-31T10:06:00.000Z
930568,2,2,2016-03-29T06:15:00.000Z
1431969,1,1,2016-03-07T22:12:00.000Z
940176,1,1,2016-01-06T09:26:00.000Z
905281,1,1,2016-03-25T15:56:00.000Z
789134,1,1,2016-01-11T16:16:00.000Z
820969,5,5,2016-03-08T17:31:00.000Z
940177,1,1,2016-03-29T14:13:00.000Z
859941,1,1,2016-01-02T09:04:00.000Z
820970,2,2,2016-02-19T15:48:00.000Z
838697,1,1,2016-03-04T04:00:00.000Z
1107089,1,1,2016-01-21T18:03:00.000Z
2369190,1,1,2016-03-26T13:56:00.000Z
809455,4,3,2016-03-11T01:36:00.000Z
789138,3,3,2016-02-14T10:21:00.000Z
787954,1,1,2016-03-10T22:17:00.000Z
2369191,2,2,2016-02-17T20:39:00.000Z
832272,1,1,2016-03-15T10:24:00.000Z
919677,1,1,2016-03-27T19:16:00.000Z
940183,1,1,2016-01-15T20:13:00.000Z
859951,1,1,2016-03-12T07:05:00.000Z
841929,1,1,2016-03-01T07:55:00.000Z
305730,2,2,2016-01-06T09:11:00.000Z
851273,2,2,2016-03-10T20:19:00.000Z
2090968,1,1,2016-03-21T18:12:00.000Z
789144,16,5,2016-03-19T16:42:00.000Z
820978,10,7,2016-03-25T17:50:00.000Z
808236,3,2,2016-03-24T09:22:00.000Z
772309,6,3,2016-02-08T06:14:00.000Z
772311,4,2,2016-02-08T20:35:00.000Z
2369209,6,5,2016-03-23T13:23:00.000Z
809463,3,1,2016-02-22T21:08:00.000Z
809464,3,3,2016-02-19T16:30:00.000Z
809465,1,1,2016-02-02T07:38:00.000Z
789148,1,1,2016-03-06T05:39:00.000Z
866711,3,2,2016-03-30T12:34:00.000Z
809467,1,1,2016-02-25T06:43:00.000Z
2000015,3,2,2016-03-07T20:10:00.000Z
930586,1,1,2016-03-30T16:57:00.000Z
940195,3,2,2016-03-20T15:04:00.000Z
120688,1,1,2016-03-25T12:10:00.000Z
919691,1,1,2016-03-26T19:49:00.000Z
789150,3,3,2016-02-19T00:37:00.000Z
809469,1,1,2016-02-04T16:59:00.000Z
2426477,3,2,2016-02-10T20:07:00.000Z
925104,1,1,2016-03-30T09:55:00.000Z
2287279,1,1,2016-02-02T20:45:00.000Z
2369217,1,1,2016-03-28T13:52:00.000Z
764912,12,3,2016-01-24T13:59:00.000Z
789155,4,3,2016-02-12T18:36:00.000Z
940201,4,3,2016-03-30T19:43:00.000Z
2369221,7,3,2016-03-22T13:21:00.000Z
600911,1,1,2016-01-10T16:30:00.000Z
893019,1,1,2016-03-23T10:03:00.000Z
789156,3,3,2016-01-16T19:23:00.000Z
832298,1,1,2016-03-20T10:49:00.000Z
893020,2,2,2016-03-25T11:38:00.000Z
809484,1,1,2016-02-16T15:39:00.000Z
220098,4,3,2016-03-31T09:28:00.000Z
809486,1,1,2016-02-22T07:14:00.000Z
822832,1,1,2016-02-27T13:44:00.000Z
772325,2,1,2016-03-25T15:01:00.000Z
1107136,2,2,2016-03-30T14:04:00.000Z
940210,1,1,2016-03-16T09:51:00.000Z
821009,3,1,2016-03-18T13:01:00.000Z
777486,2,2,2016-01-28T09:27:00.000Z
930600,1,1,2016-03-30T20:22:00.000Z
940212,2,2,2016-03-30T12:38:00.000Z
772329,2,2,2016-03-21T12:13:00.000Z
772330,3,2,2016-01-30T17:21:00.000Z
821010,1,1,2016-02-24T10:34:00.000Z
2369233,5,2,2016-03-05T09:30:00.000Z
593867,2,2,2016-01-08T07:13:00.000Z
789167,3,3,2016-03-23T11:18:00.000Z
621148,2,2,2016-01-12T11:32:00.000Z
905367,8,4,2016-03-30T13:50:00.000Z
893026,2,1,2016-03-23T09:03:00.000Z
894558,1,1,2016-03-23T10:19:00.000Z
772333,4,1,2016-02-06T13:05:00.000Z
809492,7,5,2016-03-30T13:56:00.000Z
764929,1,1,2016-02-02T10:05:00.000Z
809493,1,1,2016-03-03T08:00:00.000Z
893029,3,2,2016-03-24T15:30:00.000Z
2415023,3,3,2016-03-23T20:25:00.000Z
2000032,3,1,2016-03-23T13:23:00.000Z
789168,1,1,2016-02-15T19:00:00.000Z
809495,1,1,2016-02-24T09:35:00.000Z
789171,1,1,2016-02-12T18:07:00.000Z
866733,3,2,2016-03-11T13:01:00.000Z
809500,2,2,2016-02-20T06:37:00.000Z
69030,1,1,2016-03-06T13:32:00.000Z
832310,1,1,2016-03-05T15:43:00.000Z
2203924,2,1,2016-03-29T19:03:00.000Z
2369252,2,2,2016-03-24T07:37:00.000Z
905393,1,1,2016-03-25T06:46:00.000Z
2360394,1,1,2016-02-25T07:40:00.000Z
809504,1,1,2016-01-08T07:00:00.000Z
789176,1,1,2016-01-04T00:13:00.000Z
2203929,2,2,2016-03-17T06:21:00.000Z
1063776,2,2,2016-03-29T20:21:00.000Z
809511,1,1,2016-02-27T16:40:00.000Z
2421104,2,1,2016-03-28T17:34:00.000Z
772341,1,1,2016-03-06T11:58:00.000Z
821033,3,3,2016-02-28T20:49:00.000Z
893042,1,1,2016-03-23T06:30:00.000Z
930625,2,2,2016-03-31T16:38:00.000Z
832320,2,1,2016-03-15T15:12:00.000Z
905414,1,1,2016-03-30T13:07:00.000Z
809516,3,2,2016-02-22T05:26:00.000Z
789182,2,2,2016-02-13T09:54:00.000Z
772343,1,1,2016-03-01T14:18:00.000Z
789185,5,2,2016-03-01T17:18:00.000Z
958175,1,1,2016-03-25T07:37:00.000Z
866746,1,1,2016-03-08T23:12:00.000Z
478172,1,1,2016-01-10T10:53:00.000Z
1447831,2,2,2016-02-28T20:12:00.000Z
821041,2,2,2016-02-24T08:30:00.000Z
894569,1,1,2016-03-23T14:54:00.000Z
2000056,1,1,2016-03-11T14:53:00.000Z
940243,2,2,2016-03-24T11:34:00.000Z
940244,2,2,2016-03-25T18:12:00.000Z
2203948,1,1,2016-03-29T05:48:00.000Z
233448,1,1,2016-01-16T11:42:00.000Z
779859,4,3,2016-01-16T17:12:00.000Z
789195,3,1,2016-02-19T17:05:00.000Z
831111,4,4,2016-03-26T11:55:00.000Z
809528,1,1,2016-03-26T18:41:00.000Z
750715,10,9,2016-01-29T19:30:00.000Z
521933,1,1,2016-01-15T18:58:00.000Z
712592,1,1,2016-03-01T03:55:00.000Z
832337,2,2,2016-03-13T16:36:00.000Z
940250,1,1,2016-03-24T12:18:00.000Z
751018,2,2,2016-01-28T17:03:00.000Z
611190,7,6,2016-01-19T19:47:00.000Z
858707,1,1,2016-03-19T18:04:00.000Z
454228,1,1,2016-03-23T10:22:00.000Z
772355,1,1,2016-02-11T08:02:00.000Z
893060,4,4,2016-03-25T18:08:00.000Z
809530,2,2,2016-02-24T15:54:00.000Z
789201,11,3,2016-02-12T15:14:00.000Z
801275,1,1,2016-03-03T12:25:00.000Z
789202,7,3,2016-02-20T01:56:00.000Z
893063,2,2,2016-03-23T18:35:00.000Z
789204,1,1,2016-02-11T18:53:00.000Z
860018,2,1,2016-03-26T10:14:00.000Z
860020,1,1,2016-03-06T15:15:00.000Z
794020,1,1,2016-02-07T14:55:00.000Z
764961,2,2,2016-01-29T16:59:00.000Z
865604,1,1,2016-03-13T18:20:00.000Z
2203966,3,3,2016-02-27T14:23:00.000Z
809535,4,3,2016-02-06T11:41:00.000Z
851334,1,1,2016-03-28T08:47:00.000Z
809536,1,1,2016-02-21T10:09:00.000Z
772361,1,1,2016-01-23T19:02:00.000Z
809538,3,2,2016-03-18T14:43:00.000Z
2091037,1,1,2016-02-07T08:06:00.000Z
794025,1,1,2016-02-15T18:30:00.000Z
926860,2,2,2016-03-30T12:00:00.000Z
452804,1,1,2016-03-03T17:45:00.000Z
880855,1,1,2016-03-27T08:12:00.000Z
809542,2,2,2016-02-21T06:41:00.000Z
86582,3,3,2016-01-26T17:29:00.000Z
772367,1,1,2016-02-06T17:03:00.000Z
806823,1,1,2016-02-21T08:20:00.000Z
772369,2,2,2016-02-08T03:54:00.000Z
776532,1,1,2016-03-29T04:51:00.000Z
860028,1,1,2016-03-05T06:22:00.000Z
809544,1,1,2016-02-21T07:53:00.000Z
831117,1,1,2016-03-05T21:27:00.000Z
821068,1,1,2016-02-24T18:20:00.000Z
767592,1,1,2016-01-15T20:51:00.000Z
56067,1,1,2016-01-22T16:02:00.000Z
794031,3,2,2016-02-19T11:11:00.000Z
837551,2,2,2016-03-05T13:07:00.000Z
860029,1,1,2016-03-20T14:02:00.000Z
1107242,1,1,2016-01-15T16:01:00.000Z
777525,1,1,2016-03-03T14:46:00.000Z
809547,8,3,2016-03-18T06:16:00.000Z
34346,1,1,2016-02-03T09:37:00.000Z
772378,1,1,2016-01-08T07:00:00.000Z
940266,3,2,2016-03-27T11:17:00.000Z
809549,1,1,2016-02-14T07:34:00.000Z
809552,7,6,2016-03-10T18:59:00.000Z
1457213,1,1,2016-02-20T08:57:00.000Z
809553,1,1,2016-03-17T12:28:00.000Z
809554,2,2,2016-03-27T12:23:00.000Z
940268,4,2,2016-03-14T00:04:00.000Z
466620,1,1,2016-01-11T19:27:00.000Z
940271,2,2,2016-03-20T18:07:00.000Z
821074,1,1,2016-02-24T08:49:00.000Z
918556,3,3,2016-03-29T06:33:00.000Z
2091055,7,4,2016-03-10T13:53:00.000Z
809556,2,2,2016-02-23T13:00:00.000Z
866781,1,1,2016-03-23T09:30:00.000Z
2369354,1,1,2016-03-30T15:46:00.000Z
786580,1,1,2016-01-21T20:59:00.000Z
2018302,1,1,2016-03-09T18:04:00.000Z
789219,1,1,2016-02-11T12:31:00.000Z
794044,3,2,2016-03-29T11:17:00.000Z
919772,2,2,2016-03-27T22:55:00.000Z
930671,2,2,2016-03-31T16:39:00.000Z
866785,2,2,2016-03-24T15:50:00.000Z
891969,2,2,2016-03-23T18:31:00.000Z
930672,2,1,2016-03-31T15:43:00.000Z
860044,1,1,2016-03-12T11:36:00.000Z
809563,2,1,2016-03-08T15:51:00.000Z
821083,3,2,2016-03-24T16:17:00.000Z
893076,1,1,2016-03-21T21:35:00.000Z
789220,6,3,2016-03-08T19:15:00.000Z
537082,1,1,2016-03-22T23:10:00.000Z
789224,1,1,2016-02-06T18:39:00.000Z
940281,8,5,2016-03-15T09:02:00.000Z
764989,2,2,2016-01-06T18:37:00.000Z
2287393,5,5,2016-03-29T21:03:00.000Z
788008,1,1,2016-02-13T13:54:00.000Z
915298,1,1,2016-03-27T13:06:00.000Z
893081,1,1,2016-03-23T13:55:00.000Z
940286,1,1,2016-03-18T09:54:00.000Z
764993,4,3,2016-01-31T11:22:00.000Z
789227,3,2,2016-02-19T19:13:00.000Z
860058,1,1,2016-03-03T09:30:00.000Z
819641,1,1,2016-03-07T14:53:00.000Z
786585,1,1,2016-01-23T16:17:00.000Z
789229,1,1,2016-02-02T21:14:00.000Z
764995,1,1,2016-01-29T18:08:00.000Z
772390,1,1,2016-02-05T16:25:00.000Z
866798,1,1,2016-03-03T09:23:00.000Z
360908,1,1,2016-02-26T14:41:00.000Z
940290,2,2,2016-03-16T14:19:00.000Z
809573,2,1,2016-02-24T12:26:00.000Z
764997,2,2,2016-01-19T05:29:00.000Z
905533,1,1,2016-03-26T05:09:00.000Z
821098,1,1,2016-02-24T15:20:00.000Z
2415033,1,1,2016-03-24T09:00:00.000Z
809576,5,5,2016-03-15T10:36:00.000Z
911285,1,1,2016-03-26T13:47:00.000Z
816585,3,3,2016-02-25T07:18:00.000Z
809577,3,2,2016-02-23T20:53:00.000Z
809578,3,3,2016-02-21T13:04:00.000Z
802693,1,1,2016-02-19T20:48:00.000Z
880898,1,1,2016-03-20T13:59:00.000Z
189027,4,3,2016-03-29T17:17:00.000Z
851376,1,1,2016-03-09T10:45:00.000Z
866809,4,4,2016-03-15T14:13:00.000Z
791773,1,1,2016-01-26T11:13:00.000Z
793041,1,1,2016-02-16T11:48:00.000Z
2360510,1,1,2016-03-25T19:55:00.000Z
940303,8,5,2016-03-26T13:41:00.000Z
893094,2,2,2016-03-17T11:16:00.000Z
2421222,2,1,2016-03-23T20:18:00.000Z
772399,1,1,2016-02-18T06:08:00.000Z
729721,3,2,2016-01-17T11:40:00.000Z
808282,1,1,2016-03-09T19:48:00.000Z
765012,1,1,2016-03-25T15:11:00.000Z
805735,1,1,2016-02-20T18:25:00.000Z
745547,2,1,2016-01-27T17:15:00.000Z
789244,1,1,2016-02-12T10:21:00.000Z
819656,1,1,2016-02-26T18:39:00.000Z
618028,1,1,2016-01-11T11:41:00.000Z
789247,2,2,2016-02-14T19:25:00.000Z
940308,1,1,2016-03-06T11:52:00.000Z
809588,5,3,2016-03-01T18:54:00.000Z
809589,2,2,2016-03-04T08:10:00.000Z
809591,1,1,2016-02-23T17:30:00.000Z
789248,1,1,2016-02-24T11:23:00.000Z
894605,1,1,2016-03-23T19:18:00.000Z
893105,5,3,2016-03-29T10:49:00.000Z
893107,2,1,2016-03-26T15:56:00.000Z
789250,1,1,2016-03-04T07:52:00.000Z
2204045,1,1,2016-03-28T17:11:00.000Z
786607,1,1,2016-02-11T17:11:00.000Z
789251,3,3,2016-02-17T09:33:00.000Z
117954,1,1,2016-03-05T09:15:00.000Z
789252,1,1,2016-01-11T20:55:00.000Z
866828,2,2,2016-01-11T16:28:00.000Z
832400,3,2,2016-03-08T17:29:00.000Z
1107332,3,3,2016-01-28T19:39:00.000Z
1107333,2,2,2016-01-18T01:19:00.000Z
789254,12,5,2016-01-25T08:50:00.000Z
2287441,1,1,2016-03-18T12:00:00.000Z
2426685,1,1,2016-02-23T09:32:00.000Z
789256,3,3,2016-01-24T03:41:00.000Z
940320,1,1,2016-01-07T22:19:00.000Z
821133,1,1,2016-02-19T12:32:00.000Z
229151,1,1,2016-01-27T09:34:00.000Z
832404,2,2,2016-03-05T22:27:00.000Z
426407,1,1,2016-01-06T12:03:00.000Z
832405,3,3,2016-03-31T21:35:00.000Z
930713,3,2,2016-03-30T13:18:00.000Z
779908,1,1,2016-02-12T20:22:00.000Z
919808,1,1,2016-03-25T11:47:00.000Z
789261,3,3,2016-02-10T17:01:00.000Z
866836,1,1,2016-03-06T12:49:00.000Z
772418,3,3,2016-02-06T16:10:00.000Z
631602,1,1,2016-01-15T12:36:00.000Z
851410,3,2,2016-03-08T07:57:00.000Z
2287452,1,1,2016-03-25T06:34:00.000Z
789263,4,3,2016-02-11T22:58:00.000Z
751072,1,1,2016-01-28T17:14:00.000Z
871104,4,4,2016-03-27T13:34:00.000Z
772421,1,1,2016-02-10T06:32:00.000Z
821139,1,1,2016-01-03T19:30:00.000Z
2406558,3,2,2016-03-24T15:22:00.000Z
590330,1,1,2016-01-06T23:13:00.000Z
832412,1,1,2016-03-01T19:59:00.000Z
809604,7,3,2016-03-18T21:24:00.000Z
2360543,2,2,2016-03-07T19:40:00.000Z
821198,4,3,2016-03-17T12:06:00.000Z
821146,2,2,2016-03-28T11:10:00.000Z
789269,5,2,2016-03-13T20:43:00.000Z
304208,2,2,2016-03-28T12:27:00.000Z
582896,2,1,2016-01-05T21:50:00.000Z
162361,1,1,2016-01-11T18:02:00.000Z
249,1,1,2016-03-15T15:33:00.000Z
243824,1,1,2016-01-29T17:53:00.000Z
772434,1,1,2016-02-02T17:13:00.000Z
831147,1,1,2016-03-06T07:15:00.000Z
886210,1,1,2016-03-20T17:15:00.000Z
930730,1,1,2016-03-26T06:58:00.000Z
607481,1,1,2016-01-02T13:13:00.000Z
1476710,1,1,2016-03-02T16:29:00.000Z
893138,2,2,2016-03-12T10:39:00.000Z
860111,1,1,2016-03-08T12:36:00.000Z
772437,1,1,2016-01-30T06:26:00.000Z
2369463,2,2,2016-02-04T12:32:00.000Z
860115,2,2,2016-01-05T06:34:00.000Z
940343,1,1,2016-03-29T08:02:00.000Z
2426726,1,1,2016-03-23T14:24:00.000Z
210187,1,1,2016-01-22T19:52:00.000Z
789278,3,3,2016-02-12T18:46:00.000Z
926998,1,1,2016-03-30T10:37:00.000Z
804168,1,1,2016-02-19T17:34:00.000Z
789280,3,3,2016-02-21T11:30:00.000Z
349851,2,2,2016-03-27T16:44:00.000Z
831150,1,1,2016-03-08T15:26:00.000Z
809617,2,2,2016-03-31T03:07:00.000Z
821163,4,3,2016-03-14T18:32:00.000Z
2426740,5,4,2016-03-20T15:11:00.000Z
930743,2,2,2016-03-28T08:14:00.000Z
2287495,1,1,2016-03-23T14:02:00.000Z
821168,3,1,2016-03-26T09:36:00.000Z
789288,3,2,2016-02-19T20:34:00.000Z
897770,1,1,2016-03-24T13:57:00.000Z
582516,1,1,2016-01-02T14:26:00.000Z
866862,1,1,2016-03-09T19:22:00.000Z
705439,1,1,2016-02-08T07:35:00.000Z
860128,1,1,2016-03-30T14:32:00.000Z
866864,1,1,2016-03-07T14:34:00.000Z
789295,1,1,2016-02-12T06:28:00.000Z
789297,1,1,2016-01-18T12:16:00.000Z
940353,1,1,2016-03-29T10:02:00.000Z
63454,1,1,2016-01-04T04:10:00.000Z
772448,2,2,2016-03-16T18:33:00.000Z
772449,1,1,2016-01-23T15:25:00.000Z
819683,3,3,2016-03-30T14:58:00.000Z
821186,3,1,2016-01-22T02:54:00.000Z
772450,3,2,2016-03-01T12:08:00.000Z
882688,1,1,2016-03-19T10:52:00.000Z
877249,1,1,2016-03-27T08:50:00.000Z
930759,1,1,2016-03-29T15:34:00.000Z
772451,2,1,2016-03-11T18:59:00.000Z
789306,5,4,2016-03-01T17:55:00.000Z
2421326,2,2,2016-01-09T06:04:00.000Z
916735,1,1,2016-03-26T05:14:00.000Z
927025,1,1,2016-03-26T13:56:00.000Z
809633,1,1,2016-02-08T21:43:00.000Z
821193,4,4,2016-02-02T19:36:00.000Z
772455,1,1,2016-01-08T07:53:00.000Z
866878,5,4,2016-03-14T23:00:00.000Z
789309,6,3,2016-03-26T07:27:00.000Z
860147,1,1,2016-03-26T15:14:00.000Z
758272,2,2,2016-01-27T16:34:00.000Z
32180,1,1,2016-01-31T13:48:00.000Z
804189,1,1,2016-03-16T18:43:00.000Z
809636,1,1,2016-02-22T16:28:00.000Z
940374,1,1,2016-03-08T08:29:00.000Z
893168,3,2,2016-03-22T20:58:00.000Z
789311,3,2,2016-03-09T06:22:00.000Z
2426776,1,1,2016-03-29T12:23:00.000Z
2000160,4,2,2016-03-25T11:40:00.000Z
1107416,1,1,2016-03-29T09:55:00.000Z
496120,3,3,2016-03-04T18:38:00.000Z
880965,2,2,2016-03-29T04:33:00.000Z
893220,2,2,2016-03-21T18:27:00.000Z
866885,1,1,2016-03-28T15:05:00.000Z
2091155,1,1,2016-02-13T19:30:00.000Z
869588,3,2,2016-03-12T11:22:00.000Z
789319,2,2,2016-03-12T12:51:00.000Z
1107422,3,2,2016-02-04T14:30:00.000Z
1107423,2,2,2016-03-23T20:33:00.000Z
809640,3,2,2016-02-10T15:23:00.000Z
641340,1,1,2016-01-24T15:14:00.000Z
887640,1,1,2016-03-24T05:58:00.000Z
809641,1,1,2016-02-23T10:48:00.000Z
940384,2,1,2016-03-27T16:38:00.000Z
814835,1,1,2016-02-09T15:28:00.000Z
821206,1,1,2016-02-24T13:52:00.000Z
930775,1,1,2016-03-29T13:53:00.000Z
866891,2,2,2016-03-12T14:55:00.000Z
2369526,2,2,2016-01-08T06:44:00.000Z
789321,2,2,2016-02-19T19:59:00.000Z
866893,1,1,2016-03-06T18:00:00.000Z
893233,7,6,2016-03-20T11:56:00.000Z
779956,6,5,2016-02-27T09:39:00.000Z
940392,2,2,2016-03-25T19:12:00.000Z
1488599,1,1,2016-01-07T15:29:00.000Z
930781,1,1,2016-03-30T14:53:00.000Z
1107440,1,1,2016-03-28T19:36:00.000Z
1107441,1,1,2016-03-01T12:26:00.000Z
2204117,4,3,2016-03-26T08:52:00.000Z
809647,5,4,2016-03-12T10:28:00.000Z
441086,1,1,2016-01-18T20:50:00.000Z
809648,2,2,2016-02-21T05:31:00.000Z
866901,3,2,2016-03-31T09:25:00.000Z
809649,4,3,2016-02-22T10:18:00.000Z
517144,1,1,2016-01-21T12:31:00.000Z
772474,1,1,2016-01-05T11:35:00.000Z
772475,7,4,2016-02-14T20:06:00.000Z
779969,1,1,2016-02-15T13:10:00.000Z
866908,1,1,2016-03-13T05:08:00.000Z
604047,1,1,2016-01-07T18:43:00.000Z
821222,1,1,2016-03-18T10:36:00.000Z
821223,2,1,2016-03-26T10:10:00.000Z
794133,1,1,2016-02-14T23:26:00.000Z
772477,11,6,2016-02-03T18:05:00.000Z
772478,1,1,2016-02-05T07:49:00.000Z
893176,1,1,2016-03-26T08:31:00.000Z
866912,1,1,2016-03-15T05:22:00.000Z
809658,4,2,2016-02-28T19:10:00.000Z
894638,1,1,2016-03-29T11:36:00.000Z
673900,1,1,2016-02-12T11:54:00.000Z
779974,1,1,2016-02-10T14:38:00.000Z
520552,1,1,2016-01-10T19:23:00.000Z
779975,2,2,2016-03-05T23:00:00.000Z
626745,7,6,2016-01-13T09:05:00.000Z
1107471,1,1,2016-03-31T15:23:00.000Z
851478,1,1,2016-03-03T13:42:00.000Z
821232,1,1,2016-02-25T17:12:00.000Z
1132955,3,2,2016-03-27T12:59:00.000Z
2369557,1,1,2016-02-22T12:40:00.000Z
809666,1,1,2016-02-19T08:12:00.000Z
821233,6,5,2016-03-31T15:17:00.000Z
597503,3,2,2016-01-19T04:05:00.000Z
786693,2,2,2016-01-22T11:12:00.000Z
893183,3,3,2016-03-29T14:44:00.000Z
809669,1,1,2016-03-23T14:09:00.000Z
866922,1,1,2016-03-13T14:28:00.000Z
940422,4,4,2016-03-28T11:03:00.000Z
303194,3,2,2016-01-12T08:31:00.000Z
860188,2,1,2016-03-07T21:01:00.000Z
779980,1,1,2016-02-04T06:34:00.000Z
838932,2,2,2016-03-06T00:20:00.000Z
817992,2,1,2016-02-25T13:54:00.000Z
821236,2,2,2016-02-27T14:20:00.000Z
2415057,2,2,2016-03-27T20:29:00.000Z
2360667,4,2,2016-01-06T11:30:00.000Z
794141,2,2,2016-03-02T21:00:00.000Z
832483,1,1,2016-02-27T18:22:00.000Z
940427,2,2,2016-03-31T17:55:00.000Z
607730,2,2,2016-01-12T19:09:00.000Z
893191,1,1,2016-03-20T19:10:00.000Z
809675,7,3,2016-03-24T09:10:00.000Z
627027,1,1,2016-03-25T17:43:00.000Z
789358,1,1,2016-03-12T10:56:00.000Z
809676,1,1,2016-01-01T11:04:00.000Z
677589,1,1,2016-01-08T09:21:00.000Z
832488,3,3,2016-03-05T17:04:00.000Z
812006,2,2,2016-03-11T07:35:00.000Z
804360,3,2,2016-02-17T18:18:00.000Z
940434,5,3,2016-03-31T12:59:00.000Z
758214,1,1,2016-01-31T07:29:00.000Z
894649,3,2,2016-03-30T10:34:00.000Z
772499,1,1,2016-02-01T06:36:00.000Z
869632,1,1,2016-03-06T15:41:00.000Z
779989,1,1,2016-01-21T18:28:00.000Z
809681,3,3,2016-03-05T16:18:00.000Z
440632,5,3,2016-01-25T16:15:00.000Z
772507,1,1,2016-02-03T21:47:00.000Z
789365,2,2,2016-03-10T08:48:00.000Z
2421404,1,1,2016-03-27T23:55:00.000Z
866941,2,2,2016-03-13T21:45:00.000Z
860206,2,2,2016-03-06T14:13:00.000Z
2426866,1,1,2016-03-16T10:33:00.000Z
789368,1,1,2016-01-04T10:30:00.000Z
882721,2,1,2016-03-19T06:06:00.000Z
2204160,7,3,2016-03-07T12:55:00.000Z
930826,1,1,2016-03-31T12:06:00.000Z
893201,3,3,2016-03-22T08:08:00.000Z
2360696,1,1,2016-02-01T20:52:00.000Z
543441,1,1,2016-01-05T08:49:00.000Z
789376,1,1,2016-03-12T16:59:00.000Z
758306,1,1,2016-01-31T18:18:00.000Z
809694,2,2,2016-02-20T11:27:00.000Z
860213,3,3,2016-03-07T12:24:00.000Z
866949,1,1,2016-01-05T12:52:00.000Z
809695,1,1,2016-02-19T09:40:00.000Z
779996,2,2,2016-02-14T00:22:00.000Z
772511,4,2,2016-02-15T16:13:00.000Z
2426887,1,1,2016-03-30T14:10:00.000Z
832504,2,1,2016-03-05T15:19:00.000Z
881027,1,1,2016-03-26T12:45:00.000Z
597546,3,2,2016-01-10T15:47:00.000Z
927116,1,1,2016-03-30T13:55:00.000Z
940446,5,3,2016-03-27T18:50:00.000Z
821260,3,3,2016-03-19T15:31:00.000Z
808350,1,1,2016-02-23T18:31:00.000Z
927119,1,1,2016-03-30T12:16:00.000Z
2360715,1,1,2016-02-14T21:26:00.000Z
832509,3,3,2016-03-21T22:27:00.000Z
777655,1,1,2016-01-30T18:59:00.000Z
2369633,2,2,2016-02-14T07:36:00.000Z
809704,39,11,2016-03-24T06:00:00.000Z
809889,3,2,2016-03-11T08:28:00.000Z
940746,7,6,2016-03-29T15:36:00.000Z
832512,1,1,2016-03-02T19:31:00.000Z
930842,1,1,2016-03-29T18:04:00.000Z
860230,1,1,2016-03-11T10:36:00.000Z
2406577,5,3,2016-03-24T12:52:00.000Z
930844,2,1,2016-03-30T10:09:00.000Z
2426920,1,1,2016-03-24T17:36:00.000Z
881041,1,1,2016-03-05T08:38:00.000Z
2369649,2,2,2016-01-15T10:39:00.000Z
832520,2,2,2016-03-03T13:49:00.000Z
809707,5,4,2016-02-17T11:09:00.000Z
809709,3,3,2016-03-05T13:15:00.000Z
2091234,2,2,2016-02-05T06:39:00.000Z
804262,1,1,2016-01-24T20:12:00.000Z
773978,1,1,2016-03-28T22:41:00.000Z
884342,1,1,2016-03-01T20:12:00.000Z
893227,3,2,2016-03-18T06:28:00.000Z
893557,4,3,2016-03-25T16:28:00.000Z
806986,3,2,2016-02-24T19:29:00.000Z
2204194,2,2,2016-03-27T06:27:00.000Z
809715,8,6,2016-03-24T10:02:00.000Z
2204195,3,2,2016-03-29T12:46:00.000Z
809716,2,2,2016-02-21T11:59:00.000Z
940466,4,3,2016-03-28T02:58:00.000Z
1107565,1,1,2016-01-10T07:36:00.000Z
2426946,1,1,2016-02-14T10:07:00.000Z
809717,3,2,2016-02-25T18:51:00.000Z
804601,3,1,2016-02-20T09:55:00.000Z
893615,2,2,2016-03-17T22:45:00.000Z
33103,1,1,2016-01-06T03:41:00.000Z
869662,2,2,2016-03-08T10:48:00.000Z
821285,2,2,2016-03-06T17:35:00.000Z
780021,1,1,2016-03-01T15:05:00.000Z
2000222,2,2,2016-03-04T10:16:00.000Z
794178,1,1,2016-02-14T14:43:00.000Z
821289,3,3,2016-02-26T15:53:00.000Z
723671,1,1,2016-01-19T19:32:00.000Z
866983,2,1,2016-03-29T14:31:00.000Z
794179,1,1,2016-03-03T13:52:00.000Z
940469,2,2,2016-03-26T15:54:00.000Z
821290,1,1,2016-01-30T14:28:00.000Z
772528,4,4,2016-03-24T10:24:00.000Z
120169,2,1,2016-01-11T11:45:00.000Z
183982,1,1,2016-01-26T16:46:00.000Z
809723,2,2,2016-02-23T05:07:00.000Z
772529,7,3,2016-03-06T14:23:00.000Z
894658,1,1,2016-03-23T14:10:00.000Z
809726,7,6,2016-03-29T06:17:00.000Z
2421483,5,4,2016-03-30T19:00:00.000Z
870104,2,1,2016-03-10T19:13:00.000Z
772532,4,3,2016-01-09T11:16:00.000Z
809727,2,2,2016-03-15T20:38:00.000Z
786741,2,2,2016-02-12T18:19:00.000Z
809731,7,5,2016-03-22T06:57:00.000Z
796527,1,1,2016-02-14T20:50:00.000Z
940476,3,2,2016-03-31T18:38:00.000Z
804277,2,2,2016-02-28T18:33:00.000Z
809733,8,6,2016-03-15T18:31:00.000Z
2287668,12,6,2016-03-04T16:04:00.000Z
794190,1,1,2016-01-04T01:54:00.000Z
918641,1,1,2016-03-30T08:39:00.000Z
809737,3,2,2016-01-05T19:29:00.000Z
2421492,1,1,2016-03-06T17:16:00.000Z
2190330,5,4,2016-02-15T09:19:00.000Z
802776,1,1,2016-03-25T19:49:00.000Z
611188,3,2,2016-01-18T03:19:00.000Z
2091260,3,2,2016-03-09T05:45:00.000Z
809739,4,3,2016-02-19T17:07:00.000Z
483783,3,3,2016-03-30T05:47:00.000Z
780037,3,3,2016-03-01T20:39:00.000Z
809741,4,3,2016-02-11T20:38:00.000Z
821309,1,1,2016-03-03T11:22:00.000Z
821312,1,1,2016-02-24T15:50:00.000Z
821313,1,1,2016-02-23T20:16:00.000Z
930873,1,1,2016-03-30T17:03:00.000Z
549969,3,2,2016-03-24T08:43:00.000Z
220052,1,1,2016-03-25T12:51:00.000Z
804289,3,3,2016-02-28T11:56:00.000Z
893256,1,1,2016-03-22T22:30:00.000Z
821317,1,1,2016-02-25T17:43:00.000Z
786757,1,1,2016-01-03T10:13:00.000Z
940485,1,1,2016-03-21T17:41:00.000Z
832560,1,1,2016-03-12T14:15:00.000Z
809752,1,1,2016-02-06T04:26:00.000Z
772551,1,1,2016-01-22T13:23:00.000Z
780045,1,1,2016-02-07T14:12:00.000Z
2287689,2,2,2016-01-15T17:20:00.000Z
780046,2,1,2016-01-23T12:21:00.000Z
2204240,2,2,2016-03-25T18:42:00.000Z
772553,4,3,2016-02-02T07:08:00.000Z
793124,1,1,2016-02-15T16:58:00.000Z
809754,1,1,2016-02-25T10:46:00.000Z
809756,2,2,2016-02-24T12:24:00.000Z
780047,3,1,2016-02-06T10:35:00.000Z
892055,1,1,2016-03-24T10:14:00.000Z
510591,1,1,2016-01-06T05:44:00.000Z
819746,1,1,2016-03-10T14:18:00.000Z
772557,2,1,2016-02-20T08:42:00.000Z
789429,1,1,2016-02-12T18:26:00.000Z
809759,1,1,2016-02-24T10:00:00.000Z
892057,1,1,2016-03-27T14:19:00.000Z
832573,1,1,2016-02-28T15:10:00.000Z
789431,1,1,2016-02-24T14:28:00.000Z
785592,1,1,2016-03-14T07:50:00.000Z
772561,6,3,2016-03-30T16:17:00.000Z
1519602,1,1,2016-03-25T17:00:00.000Z
832577,3,2,2016-02-07T04:38:00.000Z
2421529,2,1,2016-02-07T06:50:00.000Z
2287708,2,2,2016-03-16T16:02:00.000Z
2204253,1,1,2016-03-30T15:13:00.000Z
894674,1,1,2016-03-24T13:40:00.000Z
765182,1,1,2016-01-08T21:40:00.000Z
868484,2,2,2016-03-16T18:14:00.000Z
772563,1,1,2016-02-15T15:57:00.000Z
793133,2,2,2016-02-16T14:01:00.000Z
896122,2,2,2016-03-20T17:59:00.000Z
140005,1,1,2016-03-01T19:31:00.000Z
867016,3,2,2016-03-18T21:11:00.000Z
2415070,5,4,2016-03-03T06:01:00.000Z
809765,3,3,2016-02-19T16:16:00.000Z
2421538,2,2,2016-03-03T16:04:00.000Z
614900,1,1,2016-03-07T19:54:00.000Z
780056,1,1,2016-01-11T13:55:00.000Z
759157,1,1,2016-01-29T19:33:00.000Z
930897,3,3,2016-03-28T15:30:00.000Z
809770,6,4,2016-02-13T14:43:00.000Z
2000262,2,2,2016-01-28T01:04:00.000Z
2091280,5,4,2016-03-31T20:13:00.000Z
760937,1,1,2016-02-12T20:07:00.000Z
2360820,6,4,2016-02-24T16:36:00.000Z
796562,3,3,2016-01-05T20:27:00.000Z
215723,1,1,2016-01-10T17:23:00.000Z
2369747,1,1,2016-01-23T10:23:00.000Z
940509,6,5,2016-03-30T20:19:00.000Z
2369752,3,2,2016-03-30T17:52:00.000Z
772575,1,1,2016-01-30T11:42:00.000Z
2369753,1,1,2016-03-24T17:27:00.000Z
832596,2,2,2016-03-02T15:03:00.000Z
2369759,2,2,2016-03-23T08:36:00.000Z
2369761,4,3,2016-03-10T02:03:00.000Z
927246,2,2,2016-03-30T08:36:00.000Z
2000272,11,5,2016-02-21T20:18:00.000Z
867498,3,3,2016-03-10T14:40:00.000Z
820011,1,1,2016-03-10T02:26:00.000Z
940516,1,1,2016-03-23T08:00:00.000Z
893279,4,2,2016-03-26T06:03:00.000Z
809776,8,3,2016-02-20T15:51:00.000Z
772584,1,1,2016-02-05T08:04:00.000Z
2158646,1,1,2016-02-13T17:06:00.000Z
794226,4,4,2016-02-18T05:24:00.000Z
809780,8,6,2016-02-21T11:18:00.000Z
80147,1,1,2016-03-26T10:14:00.000Z
772587,9,4,2016-03-28T09:05:00.000Z
927257,1,1,2016-03-30T07:36:00.000Z
819763,1,1,2016-03-30T08:28:00.000Z
809781,1,1,2016-02-24T13:27:00.000Z
336966,1,1,2016-01-22T15:40:00.000Z
844125,1,1,2016-03-06T19:16:00.000Z
821350,1,1,2016-02-25T10:27:00.000Z
821351,2,2,2016-03-12T11:14:00.000Z
940522,1,1,2016-03-14T20:44:00.000Z
867034,1,1,2016-03-06T17:31:00.000Z
821354,1,1,2016-01-24T20:04:00.000Z
799085,1,1,2016-02-17T06:09:00.000Z
2015326,5,3,2016-01-25T10:20:00.000Z
809786,1,1,2016-01-14T17:50:00.000Z
832609,2,1,2016-03-04T17:51:00.000Z
893287,1,1,2016-03-27T17:23:00.000Z
780070,1,1,2016-02-07T10:46:00.000Z
818125,1,1,2016-02-24T03:45:00.000Z
804327,1,1,2016-03-20T13:38:00.000Z
809787,1,1,2016-02-09T13:38:00.000Z
786800,1,1,2016-01-23T14:15:00.000Z
2369790,4,3,2016-03-29T14:28:00.000Z
549789,1,1,2016-01-22T14:32:00.000Z
805818,1,1,2016-03-05T18:30:00.000Z
809790,5,3,2016-02-09T02:10:00.000Z
821362,2,2,2016-01-23T09:29:00.000Z
1107686,1,1,2016-03-05T15:04:00.000Z
603558,1,1,2016-01-08T17:46:00.000Z
2421592,1,1,2016-02-24T10:38:00.000Z
867044,5,3,2016-03-29T15:04:00.000Z
2000285,2,2,2016-03-04T06:56:00.000Z
819771,1,1,2016-02-27T05:30:00.000Z
789474,1,1,2016-01-23T04:49:00.000Z
794238,3,3,2016-03-14T16:23:00.000Z
457259,1,1,2016-01-12T08:11:00.000Z
832622,5,4,2016-03-01T19:17:00.000Z
50671,1,1,2016-03-27T20:31:00.000Z
2369809,1,1,2016-03-10T13:06:00.000Z
789476,4,3,2016-02-12T12:57:00.000Z
789477,1,1,2016-02-05T08:36:00.000Z
821371,2,2,2016-02-28T09:46:00.000Z
809795,2,2,2016-02-23T08:43:00.000Z
2369817,3,2,2016-02-03T07:41:00.000Z
894690,1,1,2016-03-24T11:02:00.000Z
809798,1,1,2016-02-22T15:04:00.000Z
821379,1,1,2016-03-06T17:09:00.000Z
893304,3,2,2016-03-23T09:45:00.000Z
832627,1,1,2016-02-27T17:46:00.000Z
867055,1,1,2016-03-06T14:56:00.000Z
809799,1,1,2016-02-24T08:55:00.000Z
809800,2,2,2016-01-29T04:12:00.000Z
808396,5,2,2016-03-25T11:34:00.000Z
930935,4,4,2016-03-29T15:45:00.000Z
940545,4,4,2016-03-31T19:19:00.000Z
867058,3,3,2016-01-09T21:53:00.000Z
809801,1,1,2016-02-20T21:18:00.000Z
772606,6,3,2016-02-16T17:15:00.000Z
893309,2,2,2016-03-06T13:43:00.000Z
611535,2,2,2016-01-13T18:36:00.000Z
786821,1,1,2016-01-16T21:21:00.000Z
2259822,2,1,2016-03-24T12:19:00.000Z
819774,4,2,2016-03-30T09:06:00.000Z
821393,1,1,2016-03-27T14:31:00.000Z
804347,1,1,2016-02-21T08:09:00.000Z
1107713,3,3,2016-03-07T20:19:00.000Z
840760,1,1,2016-03-18T15:00:00.000Z
1107714,1,1,2016-01-25T09:22:00.000Z
809809,2,2,2016-03-05T16:22:00.000Z
720305,3,3,2016-01-19T06:55:00.000Z
940555,1,1,2016-03-30T08:39:00.000Z
621521,1,1,2016-01-12T12:07:00.000Z
2091343,1,1,2016-03-31T18:55:00.000Z
930950,1,1,2016-03-29T20:32:00.000Z
927311,2,2,2016-03-30T19:06:00.000Z
877297,1,1,2016-03-24T12:57:00.000Z
804350,4,3,2016-03-19T15:05:00.000Z
802821,2,2,2016-02-21T16:12:00.000Z
809813,1,1,2016-02-16T21:33:00.000Z
832641,1,1,2016-03-01T20:12:00.000Z
821402,1,1,2016-02-27T14:58:00.000Z
778959,5,4,2016-03-31T15:14:00.000Z
2369849,5,2,2016-03-29T10:02:00.000Z
902099,1,1,2016-03-25T14:15:00.000Z
808402,3,3,2016-03-04T09:58:00.000Z
920007,3,2,2016-03-28T08:39:00.000Z
104516,1,1,2016-03-26T05:48:00.000Z
221281,2,2,2016-01-29T17:11:00.000Z
831231,2,2,2016-03-13T14:12:00.000Z
930955,2,2,2016-03-31T17:58:00.000Z
809817,4,3,2016-02-21T15:23:00.000Z
2427141,2,1,2016-03-19T22:00:00.000Z
772614,4,3,2016-01-22T18:52:00.000Z
266792,2,1,2016-03-15T10:29:00.000Z
2204331,9,7,2016-03-30T19:43:00.000Z
150741,1,1,2016-01-20T07:47:00.000Z
809820,3,2,2016-03-03T19:36:00.000Z
453480,1,1,2016-03-28T08:48:00.000Z
2015328,4,4,2016-03-30T18:50:00.000Z
2369881,2,2,2016-03-22T03:07:00.000Z
772618,1,1,2016-01-30T12:14:00.000Z
2000313,1,1,2016-03-31T19:00:00.000Z
809823,1,1,2016-02-19T17:54:00.000Z
867086,1,1,2016-03-12T19:48:00.000Z
809824,7,6,2016-03-06T14:19:00.000Z
894706,1,1,2016-03-24T14:42:00.000Z
809825,10,4,2016-02-19T21:57:00.000Z
808410,1,1,2016-02-22T12:54:00.000Z
2091371,23,10,2016-03-29T05:22:00.000Z
170792,2,1,2016-03-31T02:36:00.000Z
809828,1,1,2016-01-21T07:17:00.000Z
867091,1,1,2016-03-13T18:38:00.000Z
2369889,1,1,2016-02-15T08:21:00.000Z
765264,1,1,2016-01-23T19:56:00.000Z
772624,2,2,2016-03-10T14:09:00.000Z
1108737,5,5,2016-03-10T21:00:00.000Z
962150,1,1,2016-03-23T12:20:00.000Z
794277,2,2,2016-02-14T19:18:00.000Z
1542251,1,1,2016-02-04T14:16:00.000Z
780108,5,1,2016-02-12T14:09:00.000Z
65180,1,1,2016-01-22T09:35:00.000Z
366659,1,1,2016-03-19T17:26:00.000Z
893337,2,2,2016-03-23T12:55:00.000Z
879787,2,2,2016-03-28T20:41:00.000Z
809834,1,1,2016-02-02T15:47:00.000Z
530287,1,1,2016-01-18T13:42:00.000Z
780110,1,1,2016-02-09T16:41:00.000Z
443916,1,1,2016-01-15T03:37:00.000Z
780111,4,2,2016-01-08T00:39:00.000Z
2204358,6,4,2016-03-05T22:17:00.000Z
940585,2,1,2016-03-27T09:34:00.000Z
809841,1,1,2016-02-24T18:54:00.000Z
893341,1,1,2016-03-20T06:18:00.000Z
821434,1,1,2016-02-25T05:05:00.000Z
832676,7,4,2016-03-30T06:40:00.000Z
868524,3,3,2016-03-28T18:16:00.000Z
867105,2,2,2016-03-09T16:53:00.000Z
533013,5,3,2016-01-21T10:28:00.000Z
930990,2,2,2016-03-29T11:05:00.000Z
559277,1,1,2016-01-01T13:04:00.000Z
940586,11,2,2016-03-28T16:11:00.000Z
28363,1,1,2016-01-31T17:18:00.000Z
794287,1,1,2016-02-13T11:20:00.000Z
2369920,7,4,2016-03-28T09:30:00.000Z
2369921,4,3,2016-02-10T01:02:00.000Z
484936,1,1,2016-01-22T13:49:00.000Z
867111,2,2,2016-03-26T11:10:00.000Z
791981,2,1,2016-02-14T05:59:00.000Z
940590,2,2,2016-03-29T14:50:00.000Z
821443,1,1,2016-03-11T17:54:00.000Z
832678,2,2,2016-02-28T18:22:00.000Z
902125,1,1,2016-03-27T07:37:00.000Z
794292,7,5,2016-02-19T21:35:00.000Z
809853,2,1,2016-02-04T19:52:00.000Z
940595,1,1,2016-03-04T02:47:00.000Z
2427210,1,1,2016-02-19T07:04:00.000Z
809856,1,1,2016-02-18T16:15:00.000Z
2204370,6,5,2016-03-20T16:16:00.000Z
809857,9,4,2016-02-20T06:31:00.000Z
2369934,1,1,2016-01-27T18:33:00.000Z
804403,3,2,2016-03-06T13:02:00.000Z
831250,1,1,2016-03-05T16:06:00.000Z
786863,2,2,2016-03-30T18:26:00.000Z
832685,3,3,2016-03-03T15:32:00.000Z
940602,2,2,2016-03-15T08:13:00.000Z
786864,1,1,2016-03-13T20:22:00.000Z
2287875,8,4,2016-03-23T11:28:00.000Z
772648,1,1,2016-02-12T15:13:00.000Z
893356,2,2,2016-03-24T08:20:00.000Z
804404,2,2,2016-03-13T12:07:00.000Z
809860,1,1,2016-02-05T06:08:00.000Z
780130,1,1,2016-03-02T17:01:00.000Z
772650,2,2,2016-02-07T03:53:00.000Z
869798,1,1,2016-03-14T07:18:00.000Z
2204385,1,1,2016-03-18T21:05:00.000Z
2421738,5,3,2016-03-27T13:08:00.000Z
666034,2,2,2016-03-31T11:40:00.000Z
641172,1,1,2016-01-01T11:44:00.000Z
809862,3,3,2016-02-19T09:37:00.000Z
2369962,1,1,2016-03-29T16:31:00.000Z
940611,8,6,2016-03-31T14:57:00.000Z
69707,1,1,2016-03-19T22:13:00.000Z
860414,1,1,2016-03-20T16:39:00.000Z
931017,2,2,2016-03-29T16:42:00.000Z
804413,1,1,2016-01-05T15:52:00.000Z
940614,1,1,2016-03-24T19:09:00.000Z
809866,3,2,2016-02-24T16:09:00.000Z
940616,6,4,2016-03-22T14:35:00.000Z
772654,1,1,2016-01-14T06:10:00.000Z
819799,3,3,2016-03-01T11:02:00.000Z
2369979,2,2,2016-01-08T17:06:00.000Z
867137,1,1,2016-03-07T11:50:00.000Z
820077,4,4,2016-03-21T22:26:00.000Z
2369982,6,3,2016-03-03T19:31:00.000Z
865745,2,2,2016-03-24T12:33:00.000Z
809871,14,9,2016-03-18T20:32:00.000Z
920073,1,1,2016-03-29T15:58:00.000Z
568751,2,2,2016-01-11T10:24:00.000Z
851705,2,2,2016-03-07T12:20:00.000Z
851706,1,1,2016-03-03T16:28:00.000Z
869812,1,1,2016-03-18T07:43:00.000Z
492769,3,2,2016-01-21T21:36:00.000Z
893373,1,1,2016-03-21T22:38:00.000Z
794315,4,4,2016-03-26T17:13:00.000Z
940626,1,1,2016-01-15T20:25:00.000Z
920083,1,1,2016-03-30T06:57:00.000Z
2415093,2,2,2016-03-31T04:10:00.000Z
2287916,1,1,2016-02-03T09:19:00.000Z
821477,3,2,2016-02-27T12:04:00.000Z
786885,1,1,2016-02-02T17:39:00.000Z
879801,1,1,2016-03-20T13:24:00.000Z
940631,2,2,2016-03-28T10:56:00.000Z
772665,2,2,2016-02-06T15:41:00.000Z
1107846,3,2,2016-03-26T11:39:00.000Z
940635,8,5,2016-03-20T13:26:00.000Z
780147,2,2,2016-03-29T13:52:00.000Z
2427278,1,1,2016-02-19T14:15:00.000Z
1150536,2,1,2016-02-27T15:08:00.000Z
778983,2,2,2016-03-08T04:46:00.000Z
772669,1,1,2016-02-13T16:11:00.000Z
893387,2,2,2016-03-23T08:01:00.000Z
809881,1,1,2016-03-01T10:35:00.000Z
893388,2,2,2016-03-22T13:07:00.000Z
636845,1,1,2016-01-16T20:09:00.000Z
893389,2,2,2016-03-13T15:06:00.000Z
920091,1,1,2016-03-22T21:25:00.000Z
772671,6,3,2016-03-19T17:03:00.000Z
809884,9,5,2016-03-10T20:36:00.000Z
778984,1,1,2016-02-10T16:43:00.000Z
1107857,1,1,2016-03-11T13:40:00.000Z
809886,1,1,2016-02-19T07:58:00.000Z
809887,3,3,2016-02-24T08:46:00.000Z
940640,1,1,2016-03-24T05:37:00.000Z
850,1,1,2016-03-06T00:08:00.000Z
2421788,1,1,2016-02-01T16:03:00.000Z
832719,1,1,2016-02-24T13:50:00.000Z
821490,2,2,2016-03-29T16:11:00.000Z
893396,1,1,2016-03-08T14:41:00.000Z
773242,3,1,2016-03-21T20:20:00.000Z
940643,1,1,2016-03-17T11:13:00.000Z
103657,1,1,2016-03-19T17:11:00.000Z
809890,1,1,2016-02-20T05:13:00.000Z
1122561,1,1,2016-03-26T09:59:00.000Z
2415096,2,1,2016-03-12T14:21:00.000Z
604372,1,1,2016-01-06T18:40:00.000Z
920096,2,2,2016-03-27T20:38:00.000Z
848852,1,1,2016-03-08T15:01:00.000Z
821498,5,1,2016-03-09T11:01:00.000Z
832727,1,1,2016-02-28T18:44:00.000Z
809892,9,6,2016-03-09T15:51:00.000Z
832729,7,3,2016-03-12T16:08:00.000Z
940648,1,1,2016-03-23T08:08:00.000Z
860451,1,1,2016-03-11T07:21:00.000Z
828445,1,1,2016-03-02T05:42:00.000Z
2000382,4,3,2016-03-09T03:32:00.000Z
772680,3,3,2016-02-04T16:05:00.000Z
809900,2,1,2016-02-19T12:48:00.000Z
2421805,1,1,2016-01-19T07:49:00.000Z
794328,3,2,2016-03-26T10:30:00.000Z
772685,5,4,2016-01-22T07:58:00.000Z
809901,3,2,2016-02-21T16:32:00.000Z
2427309,1,1,2016-01-08T12:28:00.000Z
832745,1,1,2016-03-01T10:17:00.000Z
772687,4,3,2016-02-28T18:21:00.000Z
2204436,5,4,2016-02-05T13:52:00.000Z
596969,2,2,2016-01-08T20:54:00.000Z
832751,5,2,2016-03-03T11:33:00.000Z
2361049,4,3,2016-03-15T15:13:00.000Z
649,2,2,2016-01-11T06:59:00.000Z
340840,1,1,2016-02-18T21:27:00.000Z
931072,2,2,2016-03-29T16:59:00.000Z
809908,8,2,2016-03-20T16:35:00.000Z
804456,1,1,2016-02-16T20:27:00.000Z
2204439,1,1,2016-01-18T15:10:00.000Z
772694,6,4,2016-03-23T12:34:00.000Z
777814,1,1,2016-01-13T20:58:00.000Z
283746,2,2,2016-03-25T14:16:00.000Z
804459,2,2,2016-03-06T20:21:00.000Z
860469,4,2,2016-01-08T15:55:00.000Z
906296,2,1,2016-03-24T11:45:00.000Z
604198,5,4,2016-01-26T18:19:00.000Z
832763,1,1,2016-03-02T14:50:00.000Z
2370069,1,1,2016-01-05T06:26:00.000Z
925373,1,1,2016-03-30T16:10:00.000Z
940668,2,2,2016-03-09T10:19:00.000Z
772699,1,1,2016-02-05T13:34:00.000Z
770213,1,1,2016-02-04T12:54:00.000Z
940671,5,4,2016-03-23T21:53:00.000Z
719575,3,3,2016-01-17T15:39:00.000Z
808448,1,1,2016-02-23T05:13:00.000Z
927501,1,1,2016-03-30T15:33:00.000Z
804464,1,1,2016-01-03T16:19:00.000Z
809917,2,2,2016-01-20T10:05:00.000Z
2287969,1,1,2016-02-07T06:34:00.000Z
266766,1,1,2016-01-30T22:06:00.000Z
1566681,1,1,2016-02-13T09:34:00.000Z
772704,2,2,2016-01-29T12:10:00.000Z
867193,2,2,2016-03-11T19:36:00.000Z
765340,2,2,2016-01-25T10:30:00.000Z
867197,2,2,2016-03-17T10:49:00.000Z
809921,1,1,2016-02-06T08:04:00.000Z
1107920,1,1,2016-03-26T05:46:00.000Z
894103,1,1,2016-03-21T20:55:00.000Z
818280,2,2,2016-02-25T11:05:00.000Z
893434,1,1,2016-03-18T06:57:00.000Z
808456,1,1,2016-02-22T09:46:00.000Z
772711,1,1,2016-03-13T18:46:00.000Z
2204462,1,1,2016-03-30T04:14:00.000Z
2000415,2,2,2016-03-08T11:15:00.000Z
60711,1,1,2016-01-04T07:02:00.000Z
794348,2,2,2016-02-15T12:34:00.000Z
906328,3,2,2016-03-30T14:25:00.000Z
893436,5,4,2016-03-29T10:08:00.000Z
869867,2,2,2016-03-12T16:37:00.000Z
865768,1,1,2016-03-15T13:45:00.000Z
72316,2,1,2016-01-18T17:43:00.000Z
2287983,4,3,2016-01-29T17:32:00.000Z
2000422,2,2,2016-03-31T11:19:00.000Z
809931,6,4,2016-03-20T20:57:00.000Z
906341,5,4,2016-03-27T20:00:00.000Z
302333,1,1,2016-01-04T06:04:00.000Z
2361100,1,1,2016-02-02T16:28:00.000Z
794354,2,1,2016-03-06T12:32:00.000Z
893442,1,1,2016-03-16T07:10:00.000Z
1107941,1,1,2016-01-19T10:24:00.000Z
892112,1,1,2016-03-21T23:04:00.000Z
804480,1,1,2016-01-14T22:16:00.000Z
867210,1,1,2016-01-30T14:53:00.000Z
893445,6,2,2016-03-26T05:01:00.000Z
794358,5,1,2016-03-18T09:46:00.000Z
2274999,4,3,2016-03-30T11:43:00.000Z
2275001,1,1,2016-03-03T13:20:00.000Z
893446,3,3,2016-03-30T06:22:00.000Z
786931,1,1,2016-02-01T06:08:00.000Z
865774,3,1,2016-03-13T13:47:00.000Z
543495,1,1,2016-01-22T08:29:00.000Z
809934,6,2,2016-02-19T07:29:00.000Z
860506,1,1,2016-03-09T20:27:00.000Z
193886,1,1,2016-03-30T08:03:00.000Z
821551,1,1,2016-02-26T15:37:00.000Z
927552,1,1,2016-03-24T15:39:00.000Z
893450,2,2,2016-03-26T16:50:00.000Z
809935,4,4,2016-03-03T10:39:00.000Z
867215,2,1,2016-03-30T08:44:00.000Z
867216,1,1,2016-03-26T18:39:00.000Z
1107963,1,1,2016-01-22T18:30:00.000Z
1107967,12,6,2016-03-31T22:04:00.000Z
2204489,1,1,2016-01-15T13:15:00.000Z
777845,2,2,2016-01-27T17:25:00.000Z
906369,1,1,2016-03-03T07:37:00.000Z
810593,2,2,2016-03-21T14:59:00.000Z
772734,1,1,2016-01-01T20:47:00.000Z
2427404,1,1,2016-01-11T11:32:00.000Z
869889,2,1,2016-01-13T12:44:00.000Z
593678,1,1,2016-01-03T23:49:00.000Z
858866,1,1,2016-03-15T11:01:00.000Z
893458,6,4,2016-03-30T12:28:00.000Z
940707,1,1,2016-03-18T22:14:00.000Z
1575314,1,1,2016-03-30T10:04:00.000Z
772736,3,3,2016-02-16T16:18:00.000Z
809942,1,1,2016-02-03T14:36:00.000Z
821559,2,2,2016-03-06T05:56:00.000Z
821560,1,1,2016-03-06T05:56:00.000Z
2275027,1,1,2016-01-23T11:03:00.000Z
772742,1,1,2016-02-03T20:06:00.000Z
794368,3,3,2016-02-19T18:10:00.000Z
923479,1,1,2016-03-24T04:55:00.000Z
893464,1,1,2016-03-25T14:44:00.000Z
867230,1,1,2016-03-07T19:57:00.000Z
809946,3,2,2016-01-29T19:24:00.000Z
925398,1,1,2016-03-30T11:34:00.000Z
940714,1,1,2016-03-29T16:49:00.000Z
780191,4,3,2016-03-28T12:52:00.000Z
772748,1,1,2016-02-01T06:09:00.000Z
893466,1,1,2016-01-21T14:54:00.000Z
809950,1,1,2016-02-20T12:23:00.000Z
268737,1,1,2016-01-10T20:15:00.000Z
568131,1,1,2016-01-07T13:35:00.000Z
867234,3,2,2016-03-18T22:33:00.000Z
867238,1,1,2016-03-09T17:28:00.000Z
1108000,3,2,2016-03-12T19:03:00.000Z
821569,1,1,2016-02-27T14:07:00.000Z
931139,1,1,2016-03-31T04:22:00.000Z
723531,2,2,2016-03-31T15:25:00.000Z
2370155,7,4,2016-03-27T10:57:00.000Z
237510,1,1,2016-01-09T14:52:00.000Z
893475,9,4,2016-03-24T12:56:00.000Z
869901,1,1,2016-03-08T09:36:00.000Z
852611,1,1,2016-03-10T13:43:00.000Z
1133250,2,2,2016-03-29T11:14:00.000Z
772759,2,2,2016-02-04T18:44:00.000Z
2017664,2,2,2016-03-15T21:31:00.000Z
819850,1,1,2016-03-06T17:46:00.000Z
771427,1,1,2016-02-13T08:56:00.000Z
793230,1,1,2016-02-16T13:35:00.000Z
867252,1,1,2016-03-09T17:26:00.000Z
772766,1,1,2016-02-02T06:40:00.000Z
893483,2,2,2016-03-20T09:01:00.000Z
809965,2,2,2016-03-14T10:32:00.000Z
867257,1,1,2016-03-12T20:39:00.000Z
604764,6,5,2016-01-09T05:31:00.000Z
534080,1,1,2016-01-07T09:51:00.000Z
2021324,1,1,2016-02-03T09:18:00.000Z
821584,2,2,2016-02-20T19:38:00.000Z
1072207,1,1,2016-01-10T17:43:00.000Z
925404,1,1,2016-03-30T14:15:00.000Z
809970,3,3,2016-02-25T07:46:00.000Z
888028,1,1,2016-03-24T03:47:00.000Z
867261,2,2,2016-03-23T18:19:00.000Z
809971,5,4,2016-03-27T19:35:00.000Z
773509,6,3,2016-03-10T20:54:00.000Z
777875,1,1,2016-02-06T12:44:00.000Z
792086,2,2,2016-03-28T16:19:00.000Z
794389,1,1,2016-01-25T21:15:00.000Z
809972,1,1,2016-02-19T18:48:00.000Z
763881,1,1,2016-02-03T06:25:00.000Z
906463,1,1,2016-03-25T17:10:00.000Z
940736,1,1,2016-03-29T09:51:00.000Z
832831,2,2,2016-03-03T10:19:00.000Z
832832,1,1,2016-03-01T12:33:00.000Z
893492,2,1,2016-03-16T11:55:00.000Z
793232,1,1,2016-02-16T07:21:00.000Z
750418,1,1,2016-03-31T13:42:00.000Z
858881,1,1,2016-03-12T06:57:00.000Z
897976,1,1,2016-03-24T15:58:00.000Z
794394,2,1,2016-02-18T06:37:00.000Z
927629,1,1,2016-03-30T14:31:00.000Z
765409,2,2,2016-03-08T17:17:00.000Z
831314,2,1,2016-03-05T17:46:00.000Z
809974,1,1,2016-03-25T15:59:00.000Z
772778,1,1,2016-02-18T07:33:00.000Z
860572,1,1,2016-03-07T16:42:00.000Z
892133,2,2,2016-03-31T13:02:00.000Z
2204550,1,1,2016-02-06T17:04:00.000Z
940749,6,3,2016-03-26T18:08:00.000Z
920203,1,1,2016-03-25T12:36:00.000Z
893501,4,2,2016-03-29T18:41:00.000Z
809980,1,1,2016-02-23T12:50:00.000Z
320909,1,1,2016-01-04T12:39:00.000Z
772784,3,2,2016-03-06T14:16:00.000Z
809981,2,2,2016-02-13T18:33:00.000Z
804535,2,2,2016-03-18T22:40:00.000Z
640446,1,1,2016-02-04T23:46:00.000Z
809982,2,2,2016-02-24T11:18:00.000Z
1108051,1,1,2016-03-26T20:58:00.000Z
832844,1,1,2016-03-30T14:39:00.000Z
816807,1,1,2016-03-09T20:49:00.000Z
920207,2,2,2016-03-27T15:23:00.000Z
867283,4,2,2016-03-30T10:40:00.000Z
819867,2,2,2016-03-14T13:46:00.000Z
804539,5,3,2016-03-20T07:35:00.000Z
809986,1,1,2016-03-30T06:31:00.000Z
906496,2,1,2016-03-24T10:17:00.000Z
788215,6,4,2016-03-30T17:30:00.000Z
780217,5,4,2016-03-01T19:26:00.000Z
611923,1,1,2016-01-20T13:01:00.000Z
2239503,8,5,2016-02-18T07:59:00.000Z
2415121,24,9,2016-03-27T14:07:00.000Z
809988,2,1,2016-03-04T05:52:00.000Z
600667,2,1,2016-01-09T18:21:00.000Z
772787,4,3,2016-01-28T14:33:00.000Z
940755,2,2,2016-03-25T15:13:00.000Z
940756,5,4,2016-03-29T16:24:00.000Z
819869,1,1,2016-03-19T16:18:00.000Z
641522,5,2,2016-03-30T12:17:00.000Z
777894,1,1,2016-01-02T07:41:00.000Z
869936,3,2,2016-01-22T14:00:00.000Z
809993,3,2,2016-02-20T07:45:00.000Z
1095602,1,1,2016-03-10T22:53:00.000Z
892138,2,1,2016-03-24T15:42:00.000Z
809995,1,1,2016-02-12T16:29:00.000Z
2204563,1,1,2016-03-02T16:44:00.000Z
868572,1,1,2016-03-16T20:53:00.000Z
2204564,1,1,2016-01-12T23:22:00.000Z
819871,1,1,2016-02-28T11:13:00.000Z
393552,2,2,2016-01-31T13:11:00.000Z
906517,1,1,2016-03-24T11:01:00.000Z
815235,1,1,2016-01-12T17:46:00.000Z
585153,2,2,2016-01-10T21:30:00.000Z
575881,3,3,2016-01-09T13:38:00.000Z
920222,1,1,2016-03-30T05:59:00.000Z
869944,1,1,2016-03-18T16:19:00.000Z
810000,8,3,2016-03-18T13:52:00.000Z
780232,4,2,2016-01-24T04:55:00.000Z
832862,3,3,2016-03-03T14:47:00.000Z
1108083,1,1,2016-03-25T10:03:00.000Z
810003,7,3,2016-02-23T05:41:00.000Z
772796,2,2,2016-02-12T09:18:00.000Z
810004,4,4,2016-02-24T13:25:00.000Z
940769,2,2,2016-03-21T14:14:00.000Z
804554,2,2,2016-02-20T10:41:00.000Z
810005,7,4,2016-03-20T12:50:00.000Z
931202,1,1,2016-03-30T10:16:00.000Z
792114,2,2,2016-01-30T11:59:00.000Z
772798,3,2,2016-02-18T04:20:00.000Z
808521,1,1,2016-03-26T15:33:00.000Z
436474,2,2,2016-01-08T12:46:00.000Z
603546,1,1,2016-01-06T15:38:00.000Z
804560,1,1,2016-02-18T15:23:00.000Z
940775,1,1,2016-03-12T11:40:00.000Z
810007,4,3,2016-02-11T22:55:00.000Z
893520,2,2,2016-03-31T16:04:00.000Z
851871,1,1,2016-03-17T10:41:00.000Z
794421,1,1,2016-03-24T19:45:00.000Z
772802,9,5,2016-02-14T19:58:00.000Z
582217,1,1,2016-01-01T21:04:00.000Z
810011,10,6,2016-03-01T14:23:00.000Z
774118,1,1,2016-02-11T10:02:00.000Z
810013,8,4,2016-03-23T01:25:00.000Z
761618,1,1,2016-01-28T12:49:00.000Z
2091585,1,1,2016-02-01T15:26:00.000Z
821626,1,1,2016-03-31T18:39:00.000Z
92798,1,1,2016-01-02T15:48:00.000Z
810015,2,1,2016-03-25T14:00:00.000Z
832876,2,1,2016-03-30T14:47:00.000Z
867310,2,2,2016-03-15T15:56:00.000Z
2021328,7,3,2016-03-24T08:24:00.000Z
906568,1,1,2016-03-30T09:59:00.000Z
1966180,4,3,2016-03-27T19:27:00.000Z
821631,7,3,2016-03-19T18:29:00.000Z
940794,2,2,2016-03-30T08:54:00.000Z
892147,1,1,2016-03-24T10:37:00.000Z
780252,2,2,2016-01-08T18:49:00.000Z
893536,2,2,2016-03-18T09:15:00.000Z
940797,2,2,2016-03-04T19:02:00.000Z
586442,1,1,2016-03-10T14:56:00.000Z
2204601,27,6,2016-03-29T17:40:00.000Z
940801,3,2,2016-03-24T06:59:00.000Z
780254,2,2,2016-02-15T20:47:00.000Z
931222,3,2,2016-03-30T04:53:00.000Z
828496,2,2,2016-03-07T17:51:00.000Z
793259,2,2,2016-03-06T05:18:00.000Z
931228,3,2,2016-03-30T17:11:00.000Z
1108140,2,2,2016-03-01T20:23:00.000Z
252969,4,4,2016-01-23T16:55:00.000Z
797994,2,2,2016-03-07T06:52:00.000Z
821653,1,1,2016-02-17T13:52:00.000Z
512519,1,1,2016-01-10T20:03:00.000Z
808542,1,1,2016-02-22T18:22:00.000Z
588935,1,1,2016-01-01T19:46:00.000Z
631533,2,2,2016-01-15T21:19:00.000Z
772826,8,4,2016-03-12T19:16:00.000Z
772827,2,2,2016-02-03T12:52:00.000Z
821657,4,3,2016-03-24T12:51:00.000Z
772829,2,2,2016-01-28T13:46:00.000Z
940811,1,1,2016-03-16T12:33:00.000Z
777927,1,1,2016-03-24T06:13:00.000Z
819902,2,2,2016-02-28T13:13:00.000Z
906608,1,1,2016-03-28T07:02:00.000Z
1108163,1,1,2016-01-20T19:18:00.000Z
810039,1,1,2016-02-02T17:11:00.000Z
831349,1,1,2016-03-15T08:33:00.000Z
614417,1,1,2016-01-10T19:30:00.000Z
867333,2,1,2016-03-23T09:15:00.000Z
9194,1,1,2016-01-19T18:55:00.000Z
821662,4,3,2016-03-02T16:20:00.000Z
772832,2,2,2016-02-06T20:50:00.000Z
900013,1,1,2016-03-23T13:13:00.000Z
810042,3,1,2016-03-11T14:46:00.000Z
867337,1,1,2016-03-18T13:58:00.000Z
931253,4,3,2016-03-30T15:09:00.000Z
840878,1,1,2016-03-27T12:33:00.000Z
867338,1,1,2016-03-24T07:49:00.000Z
150729,1,1,2016-03-15T09:50:00.000Z
867340,3,3,2016-03-24T14:46:00.000Z
777934,2,2,2016-02-25T09:13:00.000Z
2021333,3,3,2016-03-02T23:53:00.000Z
2370319,8,5,2016-03-30T10:38:00.000Z
772839,2,2,2016-02-06T17:52:00.000Z
810047,2,1,2016-02-22T16:40:00.000Z
2204640,1,1,2016-02-21T14:59:00.000Z
821676,2,2,2016-03-02T12:34:00.000Z
624424,1,1,2016-01-14T22:01:00.000Z
906640,1,1,2016-03-24T10:40:00.000Z
870004,1,1,2016-03-07T13:25:00.000Z
940827,2,2,2016-03-31T17:49:00.000Z
695996,1,1,2016-01-19T15:35:00.000Z
772844,2,1,2016-01-28T22:30:00.000Z
867138,1,1,2016-03-10T07:41:00.000Z
867349,2,2,2016-03-06T15:04:00.000Z
892168,1,1,2016-03-26T11:23:00.000Z
867351,2,2,2016-03-12T13:52:00.000Z
617576,1,1,2016-01-10T17:36:00.000Z
810051,6,3,2016-03-06T19:44:00.000Z
810052,8,5,2016-03-11T09:24:00.000Z
787028,1,1,2016-03-29T09:45:00.000Z
906650,1,1,2016-03-24T14:50:00.000Z
755243,1,1,2016-01-30T14:41:00.000Z
202019,1,1,2016-03-30T08:59:00.000Z
906654,1,1,2016-03-26T12:50:00.000Z
893562,3,3,2016-03-26T07:38:00.000Z
2239638,1,1,2016-01-16T07:30:00.000Z
777946,7,3,2016-02-14T08:28:00.000Z
892173,3,3,2016-03-23T17:14:00.000Z
796812,1,1,2016-01-16T19:59:00.000Z
763930,2,2,2016-03-28T18:06:00.000Z
23925,1,1,2016-01-02T07:18:00.000Z
893565,4,3,2016-03-23T19:07:00.000Z
906667,1,1,2016-03-24T19:47:00.000Z
893566,1,1,2016-03-05T05:46:00.000Z
893568,1,1,2016-03-22T22:07:00.000Z
772855,4,3,2016-03-24T13:37:00.000Z
860670,1,1,2016-03-08T03:20:00.000Z
860672,1,1,2016-03-05T11:35:00.000Z
851942,1,1,2016-03-04T04:27:00.000Z
923646,2,1,2016-03-28T08:05:00.000Z
893573,1,1,2016-03-26T18:31:00.000Z
2204671,5,5,2016-02-24T09:19:00.000Z
2405263,5,3,2016-01-04T16:42:00.000Z
772861,3,2,2016-02-21T13:16:00.000Z
777952,1,1,2016-01-23T17:35:00.000Z
2422135,1,1,2016-03-27T15:54:00.000Z
906690,1,1,2016-03-20T21:24:00.000Z
810063,10,4,2016-02-27T09:17:00.000Z
906691,1,1,2016-03-25T20:22:00.000Z
906693,1,1,2016-03-25T15:18:00.000Z
1108229,1,1,2016-03-30T16:04:00.000Z
794467,1,1,2016-01-09T10:34:00.000Z
832939,1,1,2016-03-03T03:51:00.000Z
821702,2,2,2016-03-06T09:18:00.000Z
2275017,1,1,2016-02-13T11:48:00.000Z
867375,2,2,2016-03-14T17:17:00.000Z
931297,2,2,2016-03-31T10:23:00.000Z
810066,5,3,2016-03-10T19:23:00.000Z
893476,1,1,2016-03-21T21:14:00.000Z
868613,1,1,2016-03-15T09:36:00.000Z
867378,2,2,2016-03-23T12:42:00.000Z
810079,6,5,2016-02-21T12:17:00.000Z
780291,1,1,2016-02-09T08:48:00.000Z
821709,4,4,2016-03-30T11:05:00.000Z
906709,1,1,2016-03-24T08:19:00.000Z
893585,1,1,2016-01-03T17:48:00.000Z
821710,3,3,2016-03-20T18:01:00.000Z
787054,1,1,2016-01-23T13:13:00.000Z
906714,1,1,2016-03-24T10:36:00.000Z
893588,4,2,2016-03-23T12:19:00.000Z
2204684,1,1,2016-03-29T11:23:00.000Z
810068,1,1,2016-02-12T18:30:00.000Z
597416,1,1,2016-01-05T09:22:00.000Z
906717,1,1,2016-03-29T10:59:00.000Z
1616710,1,1,2016-03-30T08:55:00.000Z
777965,3,2,2016-01-29T03:14:00.000Z
804626,2,2,2016-01-09T15:33:00.000Z
819936,1,1,2016-03-20T16:17:00.000Z
427849,1,1,2016-01-11T14:03:00.000Z
772873,6,6,2016-02-10T16:25:00.000Z
593624,2,2,2016-01-01T08:49:00.000Z
821721,1,1,2016-02-12T05:44:00.000Z
789766,1,1,2016-02-12T12:39:00.000Z
940881,3,3,2016-03-30T12:31:00.000Z
810075,6,4,2016-02-22T06:30:00.000Z
2370403,1,1,2016-03-29T19:33:00.000Z
810077,13,7,2016-03-07T11:41:00.000Z
821730,1,1,2016-02-26T18:43:00.000Z
906728,2,1,2016-03-30T17:16:00.000Z
893791,5,2,2016-03-22T20:16:00.000Z
931322,1,1,2016-03-31T21:08:00.000Z
810080,2,2,2016-02-23T21:31:00.000Z
893599,7,5,2016-03-29T19:48:00.000Z
940888,1,1,2016-03-30T14:13:00.000Z
940889,1,1,2016-03-28T20:10:00.000Z
810081,3,3,2016-03-07T18:49:00.000Z
789773,1,1,2016-02-02T00:34:00.000Z
821734,1,1,2016-03-12T09:26:00.000Z
821735,1,1,2016-01-13T09:37:00.000Z
780559,2,2,2016-03-21T18:17:00.000Z
775591,1,1,2016-02-15T20:28:00.000Z
821736,1,1,2016-03-03T17:46:00.000Z
940895,12,5,2016-03-23T13:20:00.000Z
585415,3,2,2016-01-09T17:26:00.000Z
772879,1,1,2016-01-09T12:59:00.000Z
772881,1,1,2016-02-05T10:15:00.000Z
810087,5,4,2016-02-21T13:17:00.000Z
810088,2,1,2016-02-19T10:54:00.000Z
927827,1,1,2016-03-29T08:27:00.000Z
667568,1,1,2016-03-30T14:12:00.000Z
720294,1,1,2016-01-16T10:33:00.000Z
940902,4,1,2016-03-26T08:31:00.000Z
867397,1,1,2016-01-16T14:14:00.000Z
810092,14,6,2016-03-13T13:53:00.000Z
772890,1,1,2016-01-30T04:58:00.000Z
805998,1,1,2016-03-12T10:37:00.000Z
821746,7,5,2016-03-23T20:43:00.000Z
772891,3,2,2016-03-15T17:37:00.000Z
819949,2,2,2016-03-23T09:59:00.000Z
821747,2,2,2016-03-20T10:03:00.000Z
810095,1,1,2016-02-23T18:03:00.000Z
832976,1,1,2016-03-24T15:46:00.000Z
867403,3,2,2016-03-07T12:42:00.000Z
867404,1,1,2016-03-08T09:07:00.000Z
867791,2,2,2016-03-13T21:15:00.000Z
794489,1,1,2016-02-14T04:55:00.000Z
772897,3,2,2016-02-09T17:29:00.000Z
788281,2,2,2016-02-15T20:56:00.000Z
810463,3,2,2016-03-27T15:53:00.000Z
884879,1,1,2016-03-16T13:41:00.000Z
893619,3,2,2016-01-13T06:00:00.000Z
794494,1,1,2016-02-12T17:06:00.000Z
852000,1,1,2016-03-03T15:19:00.000Z
858939,1,1,2016-03-20T11:59:00.000Z
2370467,3,3,2016-01-09T09:55:00.000Z
819953,2,2,2016-03-12T17:53:00.000Z
810099,6,3,2016-02-03T08:47:00.000Z
810100,2,1,2016-02-19T15:34:00.000Z
772900,1,1,2016-03-27T05:19:00.000Z
810104,1,1,2016-02-24T07:23:00.000Z
931360,1,1,2016-03-26T19:03:00.000Z
810105,5,4,2016-03-09T21:04:00.000Z
881496,1,1,2016-03-05T19:05:00.000Z
585833,1,1,2016-01-01T20:32:00.000Z
867414,1,1,2016-03-18T07:47:00.000Z
810106,4,3,2016-03-11T08:47:00.000Z
772903,2,2,2016-01-19T16:55:00.000Z
772904,1,1,2016-01-01T16:30:00.000Z
808587,3,2,2016-03-15T08:11:00.000Z
917357,1,1,2016-03-26T20:19:00.000Z
765556,1,1,2016-01-30T11:36:00.000Z
2239795,1,1,2016-03-06T09:42:00.000Z
810110,2,2,2016-02-15T17:24:00.000Z
397995,2,2,2016-01-23T22:33:00.000Z
867419,2,2,2016-03-23T10:13:00.000Z
810113,6,4,2016-02-19T17:44:00.000Z
2422252,23,9,2016-03-25T14:10:00.000Z
770384,2,2,2016-03-12T17:35:00.000Z
772912,1,1,2016-03-11T09:57:00.000Z
780328,1,1,2016-01-16T20:10:00.000Z
810117,1,1,2016-02-06T15:35:00.000Z
893635,1,1,2016-03-22T11:51:00.000Z
808594,1,1,2016-02-23T16:37:00.000Z
2370492,2,2,2016-01-17T20:58:00.000Z
810118,1,1,2016-03-02T08:35:00.000Z
2239815,5,3,2016-03-23T19:06:00.000Z
804676,2,2,2016-03-05T16:32:00.000Z
212,2,1,2016-01-29T17:15:00.000Z
794511,1,1,2016-02-15T16:16:00.000Z
833001,1,1,2016-03-02T11:49:00.000Z
1108345,3,2,2016-03-30T06:32:00.000Z
810119,2,2,2016-02-21T10:12:00.000Z
2204753,3,3,2016-03-27T11:52:00.000Z
223263,1,1,2016-01-30T18:01:00.000Z
778000,2,2,2016-03-29T15:21:00.000Z
810121,1,1,2016-03-12T11:29:00.000Z
925513,1,1,2016-03-30T07:22:00.000Z
906812,1,1,2016-03-29T13:20:00.000Z
940937,2,2,2016-03-31T06:48:00.000Z
733939,1,1,2016-01-17T11:32:00.000Z
821773,1,1,2016-02-26T13:20:00.000Z
51888,2,2,2016-01-08T06:05:00.000Z
765577,1,1,2016-01-02T14:13:00.000Z
641647,1,1,2016-01-14T10:06:00.000Z
819973,2,2,2016-03-04T14:52:00.000Z
940948,3,3,2016-03-26T05:13:00.000Z
142804,1,1,2016-03-14T01:42:00.000Z
772919,2,2,2016-01-05T20:16:00.000Z
630091,2,2,2016-01-13T22:53:00.000Z
433262,1,1,2016-01-21T21:26:00.000Z
42284,1,1,2016-01-16T21:07:00.000Z
772921,5,4,2016-02-14T07:10:00.000Z
892225,2,2,2016-03-22T21:20:00.000Z
780334,1,1,2016-02-06T10:25:00.000Z
893645,1,1,2016-03-23T09:14:00.000Z
2204775,3,2,2016-03-19T11:38:00.000Z
833014,2,2,2016-03-26T15:33:00.000Z
807366,1,1,2016-02-24T10:51:00.000Z
810126,1,1,2016-01-02T19:56:00.000Z
589200,1,1,2016-01-03T10:05:00.000Z
893649,5,3,2016-03-28T17:22:00.000Z
765581,1,1,2016-01-14T04:46:00.000Z
772926,3,3,2016-03-25T04:48:00.000Z
893651,3,3,2016-03-22T18:21:00.000Z
833017,1,1,2016-03-24T14:52:00.000Z
575863,1,1,2016-01-01T13:12:00.000Z
906850,1,1,2016-03-25T09:55:00.000Z
878744,2,1,2016-03-17T08:29:00.000Z
18136,1,1,2016-01-22T10:26:00.000Z
906855,2,2,2016-03-16T12:58:00.000Z
135780,1,1,2016-01-15T17:57:00.000Z
927910,1,1,2016-03-29T06:48:00.000Z
821788,1,1,2016-02-27T08:22:00.000Z
2204778,5,3,2016-03-19T13:14:00.000Z
894055,1,1,2016-03-21T08:24:00.000Z
870098,1,1,2016-03-18T06:48:00.000Z
778011,2,2,2016-01-22T11:59:00.000Z
810131,2,2,2016-02-24T10:36:00.000Z
833022,1,1,2016-03-04T14:06:00.000Z
772929,1,1,2016-02-06T15:31:00.000Z
1108389,4,3,2016-03-23T20:58:00.000Z
549843,3,2,2016-01-06T06:00:00.000Z
394624,1,1,2016-03-07T05:21:00.000Z
906875,1,1,2016-03-19T11:14:00.000Z
780346,1,1,2016-02-02T21:09:00.000Z
867451,1,1,2016-03-13T19:08:00.000Z
893657,2,2,2016-03-17T10:17:00.000Z
586066,1,1,2016-01-02T21:16:00.000Z
906884,1,1,2016-03-05T23:48:00.000Z
627133,1,1,2016-01-14T08:40:00.000Z
839488,1,1,2016-03-06T13:29:00.000Z
772932,1,1,2016-02-11T12:56:00.000Z
846154,1,1,2016-03-20T16:57:00.000Z
773549,2,2,2016-02-08T21:54:00.000Z
867457,3,2,2016-03-29T13:42:00.000Z
804700,1,1,2016-01-09T16:01:00.000Z
794528,2,1,2016-02-15T21:52:00.000Z
543090,4,2,2016-03-04T21:47:00.000Z
617547,1,1,2016-01-05T10:06:00.000Z
839494,1,1,2016-03-15T08:01:00.000Z
2204792,2,2,2016-03-07T14:45:00.000Z
765595,2,2,2016-01-16T05:34:00.000Z
803004,1,1,2016-03-30T17:00:00.000Z
772938,1,1,2016-02-19T21:51:00.000Z
555618,1,1,2016-01-16T18:29:00.000Z
1108404,1,1,2016-03-29T13:45:00.000Z
810135,5,4,2016-02-23T10:47:00.000Z
2370560,3,3,2016-03-05T11:26:00.000Z
940971,2,2,2016-03-27T16:34:00.000Z
860786,2,2,2016-03-10T23:03:00.000Z
867459,2,2,2016-03-11T08:23:00.000Z
940974,3,2,2016-03-30T16:36:00.000Z
880234,1,1,2016-03-21T17:05:00.000Z
765600,1,1,2016-01-15T21:21:00.000Z
940976,3,3,2016-03-30T16:56:00.000Z
833036,2,2,2016-03-18T09:05:00.000Z
780355,1,1,2016-03-08T04:35:00.000Z
2091776,1,1,2016-03-26T14:39:00.000Z
623681,3,2,2016-01-21T22:21:00.000Z
2204800,1,1,2016-02-26T15:08:00.000Z
772943,1,1,2016-02-25T16:28:00.000Z
906925,1,1,2016-03-24T13:26:00.000Z
772946,2,2,2016-01-17T18:06:00.000Z
1643585,1,1,2016-01-04T16:43:00.000Z
810144,2,2,2016-02-22T08:54:00.000Z
810145,14,6,2016-03-27T14:14:00.000Z
860800,1,1,2016-03-11T06:14:00.000Z
772948,5,4,2016-02-20T13:24:00.000Z
893674,1,1,2016-03-19T21:27:00.000Z
940991,1,1,2016-03-29T20:31:00.000Z
940992,1,1,2016-03-21T23:00:00.000Z
787128,2,2,2016-03-06T12:41:00.000Z
821816,2,1,2016-02-04T19:51:00.000Z
730607,6,5,2016-01-27T09:52:00.000Z
778034,3,2,2016-02-06T20:51:00.000Z
831413,5,3,2016-03-14T16:11:00.000Z
778036,1,1,2016-01-19T23:20:00.000Z
810157,2,2,2016-02-21T15:02:00.000Z
906939,2,1,2016-03-24T15:42:00.000Z
2288416,5,3,2016-03-27T15:03:00.000Z
893681,2,2,2016-03-17T10:35:00.000Z
772950,1,1,2016-01-25T10:30:00.000Z
931426,1,1,2016-03-29T18:20:00.000Z
1645816,1,1,2016-03-22T00:45:00.000Z
794549,2,1,2016-01-23T20:27:00.000Z
906945,1,1,2016-03-24T20:28:00.000Z
821820,3,3,2016-03-28T00:16:00.000Z
833059,1,1,2016-03-01T11:27:00.000Z
411548,1,1,2016-01-03T05:29:00.000Z
772952,1,1,2016-03-25T09:59:00.000Z
609311,1,1,2016-01-19T23:38:00.000Z
778041,2,2,2016-02-01T19:37:00.000Z
765622,1,1,2016-02-03T11:40:00.000Z
626750,1,1,2016-01-22T16:04:00.000Z
893686,3,2,2016-03-29T06:38:00.000Z
941003,3,3,2016-03-31T13:09:00.000Z
821824,1,1,2016-03-12T13:04:00.000Z
772954,1,1,2016-01-06T06:32:00.000Z
881565,1,1,2016-01-10T16:36:00.000Z
810164,1,1,2016-02-21T17:52:00.000Z
2361485,3,2,2016-03-05T00:34:00.000Z
810167,1,1,2016-02-17T19:17:00.000Z
941007,3,3,2016-02-07T18:11:00.000Z
795629,2,2,2016-02-17T09:18:00.000Z
772955,3,2,2016-02-05T14:57:00.000Z
931433,1,1,2016-03-31T10:32:00.000Z
772956,15,5,2016-03-30T11:45:00.000Z
810168,1,1,2016-02-19T17:40:00.000Z
810169,3,3,2016-02-21T13:19:00.000Z
927986,1,1,2016-03-30T13:34:00.000Z
772957,3,2,2016-02-06T16:03:00.000Z
2288434,6,4,2016-02-17T16:33:00.000Z
941012,1,1,2016-03-30T12:23:00.000Z
2216003,2,2,2016-03-02T16:45:00.000Z
623774,1,1,2016-01-17T07:59:00.000Z
893694,2,1,2016-03-30T10:28:00.000Z
819998,5,3,2016-03-02T14:38:00.000Z
867486,1,1,2016-03-12T12:06:00.000Z
810175,9,4,2016-03-25T14:14:00.000Z
810176,5,3,2016-03-29T12:34:00.000Z
772964,1,1,2016-02-05T19:51:00.000Z
586144,1,1,2016-01-02T15:40:00.000Z
818570,1,1,2016-03-01T12:47:00.000Z
931444,2,2,2016-03-27T20:44:00.000Z
896654,1,1,2016-03-24T09:21:00.000Z
2288446,2,2,2016-02-23T08:44:00.000Z
821843,3,2,2016-02-26T13:29:00.000Z
765640,1,1,2016-01-30T08:39:00.000Z
906987,2,1,2016-03-26T09:30:00.000Z
882998,1,1,2016-03-19T15:44:00.000Z
772972,1,1,2016-02-05T14:43:00.000Z
641456,3,3,2016-01-17T15:57:00.000Z
481770,2,1,2016-01-14T12:52:00.000Z
867497,1,1,2016-03-13T15:49:00.000Z
2422360,6,5,2016-02-24T20:18:00.000Z
772975,3,3,2016-03-21T06:14:00.000Z
810186,2,2,2016-03-04T15:21:00.000Z
772976,2,2,2016-02-05T12:32:00.000Z
808626,1,1,2016-02-23T10:16:00.000Z
906996,1,1,2016-03-30T13:47:00.000Z
810187,2,1,2016-02-12T14:32:00.000Z
896664,1,1,2016-03-30T13:24:00.000Z
810189,1,1,2016-02-23T14:36:00.000Z
772978,1,1,2016-01-23T19:05:00.000Z
931460,2,2,2016-03-31T21:18:00.000Z
893717,1,1,2016-03-20T13:21:00.000Z
772980,3,3,2016-03-31T17:50:00.000Z
870157,1,1,2016-03-12T15:09:00.000Z
810194,3,3,2016-02-19T15:24:00.000Z
772983,1,1,2016-02-04T13:49:00.000Z
867504,1,1,2016-03-13T15:40:00.000Z
810197,1,1,2016-03-24T14:11:00.000Z
810198,4,1,2016-02-07T05:46:00.000Z
928017,3,2,2016-03-29T12:55:00.000Z
867506,1,1,2016-03-15T14:00:00.000Z
833106,2,2,2016-03-04T17:11:00.000Z
2370617,3,2,2016-02-02T05:43:00.000Z
907017,1,1,2016-03-24T19:18:00.000Z
810204,1,1,2016-02-11T19:07:00.000Z
821866,2,2,2016-03-13T10:19:00.000Z
804761,3,2,2016-01-18T12:07:00.000Z
758931,1,1,2016-01-14T07:11:00.000Z
893730,3,3,2016-03-25T09:24:00.000Z
772992,2,2,2016-02-01T21:12:00.000Z
808634,1,1,2016-02-22T16:24:00.000Z
918882,3,2,2016-03-30T08:33:00.000Z
626973,1,1,2016-01-26T15:31:00.000Z
780402,3,2,2016-02-15T20:12:00.000Z
627170,1,1,2016-01-10T12:11:00.000Z
810205,10,5,2016-03-24T12:41:00.000Z
641737,2,2,2016-01-14T12:45:00.000Z
636140,2,2,2016-01-28T18:10:00.000Z
807432,2,2,2016-01-07T19:52:00.000Z
941041,1,1,2016-03-30T13:31:00.000Z
2370632,3,2,2016-03-20T12:09:00.000Z
928030,1,1,2016-03-30T08:56:00.000Z
810210,1,1,2016-02-16T13:09:00.000Z
803034,2,2,2016-03-05T05:13:00.000Z
785792,1,1,2016-02-11T14:46:00.000Z
941046,2,2,2016-01-07T13:43:00.000Z
603910,1,1,2016-01-07T10:30:00.000Z
931483,1,1,2016-03-30T16:48:00.000Z
907037,2,2,2016-03-23T07:10:00.000Z
772998,3,2,2016-02-11T19:34:00.000Z
821877,1,1,2016-02-27T08:09:00.000Z
787182,1,1,2016-02-10T20:23:00.000Z
821878,2,1,2016-03-03T04:11:00.000Z
183425,1,1,2016-01-02T09:57:00.000Z
598432,1,1,2016-03-25T14:19:00.000Z
821879,4,2,2016-03-18T11:42:00.000Z
804771,1,1,2016-02-21T12:29:00.000Z
810215,4,3,2016-02-23T13:19:00.000Z
2370645,1,1,2016-02-14T09:44:00.000Z
941048,1,1,2016-03-26T13:29:00.000Z
1108535,4,4,2016-03-28T08:33:00.000Z
860858,1,1,2016-03-05T17:24:00.000Z
773002,6,5,2016-02-09T10:53:00.000Z
773004,7,3,2016-03-02T13:21:00.000Z
878832,1,1,2016-01-28T19:15:00.000Z
765679,4,3,2016-01-30T06:17:00.000Z
808640,1,1,2016-02-25T06:05:00.000Z
893742,4,3,2016-03-23T08:50:00.000Z
2361547,2,2,2016-03-07T12:20:00.000Z
907060,2,2,2016-03-30T11:23:00.000Z
810224,3,3,2016-02-16T19:56:00.000Z
2021345,3,3,2016-03-08T10:33:00.000Z
833128,3,3,2016-03-18T13:29:00.000Z
804782,1,1,2016-01-04T02:21:00.000Z
893745,2,2,2016-03-18T13:14:00.000Z
955342,1,1,2016-03-27T14:43:00.000Z
810226,2,2,2016-02-09T11:44:00.000Z
773012,1,1,2016-02-05T18:41:00.000Z
918892,1,1,2016-03-29T19:32:00.000Z
893747,1,1,2016-03-11T10:32:00.000Z
765684,9,6,2016-01-29T19:39:00.000Z
810231,1,1,2016-02-22T17:49:00.000Z
941061,1,1,2016-03-25T05:40:00.000Z
821893,7,3,2016-03-25T07:28:00.000Z
773014,5,3,2016-03-14T15:26:00.000Z
879990,1,1,2016-03-18T13:55:00.000Z
773016,3,3,2016-02-16T19:31:00.000Z
870195,1,1,2016-03-05T16:51:00.000Z
803047,4,3,2016-03-23T19:48:00.000Z
902545,1,1,2016-03-25T10:50:00.000Z
773017,7,4,2016-02-06T19:24:00.000Z
601019,4,4,2016-01-02T18:39:00.000Z
773020,3,2,2016-02-06T17:35:00.000Z
852161,1,1,2016-03-05T11:10:00.000Z
765696,2,2,2016-03-03T10:43:00.000Z
1064537,1,1,2016-03-30T08:01:00.000Z
810235,4,2,2016-02-27T02:53:00.000Z
907090,2,2,2016-03-30T08:26:00.000Z
804797,1,1,2016-02-19T16:23:00.000Z
831446,1,1,2016-03-04T04:10:00.000Z
821908,1,1,2016-02-09T19:12:00.000Z
182630,1,1,2016-03-27T21:29:00.000Z
2422435,4,2,2016-02-22T15:41:00.000Z
810240,2,2,2016-03-23T22:08:00.000Z
883021,1,1,2016-03-19T17:05:00.000Z
773027,5,4,2016-03-05T16:16:00.000Z
907101,1,1,2016-03-27T10:39:00.000Z
941092,2,2,2016-03-26T16:02:00.000Z
810243,6,3,2016-02-22T07:31:00.000Z
773030,4,3,2016-02-13T07:46:00.000Z
941095,2,2,2016-03-30T07:33:00.000Z
810244,3,2,2016-02-18T21:22:00.000Z
893771,3,3,2016-03-24T09:13:00.000Z
867555,1,1,2016-03-08T17:19:00.000Z
849265,1,1,2016-03-07T04:42:00.000Z
773035,3,2,2016-02-02T20:22:00.000Z
2091865,2,2,2016-03-03T16:03:00.000Z
810246,7,5,2016-03-07T19:52:00.000Z
773039,2,2,2016-02-05T19:01:00.000Z
810249,3,2,2016-03-11T13:24:00.000Z
867564,1,1,2016-03-05T20:21:00.000Z
907115,1,1,2016-03-28T13:09:00.000Z
2370690,1,1,2016-02-14T08:11:00.000Z
99045,1,1,2016-01-01T19:24:00.000Z
852179,2,2,2016-03-07T15:08:00.000Z
787212,2,2,2016-02-09T10:23:00.000Z
870217,1,1,2016-03-06T18:20:00.000Z
1108629,1,1,2016-03-22T20:31:00.000Z
808657,1,1,2016-02-25T13:31:00.000Z
808658,1,1,2016-02-26T19:51:00.000Z
941108,1,1,2016-03-26T07:34:00.000Z
810253,2,2,2016-02-23T09:18:00.000Z
821926,3,3,2016-02-18T17:16:00.000Z
867572,1,1,2016-03-05T17:16:00.000Z
833157,5,4,2016-03-06T12:55:00.000Z
888374,1,1,2016-03-19T14:00:00.000Z
773044,2,1,2016-01-29T06:32:00.000Z
941112,1,1,2016-03-13T17:22:00.000Z
810258,3,2,2016-03-15T09:21:00.000Z
833161,1,1,2016-03-01T19:58:00.000Z
821930,8,5,2016-03-06T20:53:00.000Z
893783,3,3,2016-03-19T14:08:00.000Z
931546,1,1,2016-03-31T15:15:00.000Z
796995,1,1,2016-02-23T15:06:00.000Z
773049,4,4,2016-03-29T08:49:00.000Z
2091882,1,1,2016-01-13T18:27:00.000Z
989729,1,1,2016-03-24T16:13:00.000Z
810259,8,6,2016-03-13T20:18:00.000Z
941116,3,2,2016-03-30T16:51:00.000Z
103451,1,1,2016-01-16T15:26:00.000Z
586480,1,1,2016-01-02T16:59:00.000Z
907138,2,1,2016-03-26T08:04:00.000Z
893789,5,4,2016-03-19T12:15:00.000Z
820048,2,2,2016-03-06T13:23:00.000Z
794634,1,1,2016-03-03T04:02:00.000Z
821936,3,1,2016-03-25T15:31:00.000Z
773052,1,1,2016-02-07T15:19:00.000Z
821939,3,1,2016-03-01T19:43:00.000Z
893792,1,1,2016-03-26T10:56:00.000Z
793366,3,3,2016-03-30T16:28:00.000Z
810264,7,4,2016-02-21T16:17:00.000Z
931557,2,2,2016-03-30T04:47:00.000Z
773053,2,1,2016-03-04T17:12:00.000Z
893794,9,4,2016-03-30T18:45:00.000Z
821943,2,2,2016-03-19T18:54:00.000Z
925629,1,1,2016-03-30T10:36:00.000Z
2091890,2,1,2016-03-23T08:40:00.000Z
134526,1,1,2016-01-07T11:03:00.000Z
773054,1,1,2016-01-07T21:27:00.000Z
2361615,1,1,2016-01-04T02:59:00.000Z
821946,2,2,2016-03-07T15:34:00.000Z
773055,3,2,2016-02-21T11:14:00.000Z
1061893,1,1,2016-03-23T12:10:00.000Z
765734,1,1,2016-01-20T18:31:00.000Z
780457,2,2,2016-02-11T05:20:00.000Z
773057,5,2,2016-03-01T17:02:00.000Z
1020107,1,1,2016-03-28T07:17:00.000Z
20315,1,1,2016-03-30T18:07:00.000Z
773059,1,1,2016-02-03T00:30:00.000Z
794647,3,3,2016-02-19T16:33:00.000Z
621261,3,3,2016-01-09T04:37:00.000Z
941137,1,1,2016-03-27T17:23:00.000Z
2361624,4,3,2016-02-28T07:33:00.000Z
892297,3,3,2016-03-30T09:56:00.000Z
893801,4,2,2016-03-30T13:51:00.000Z
929723,1,1,2016-03-31T08:34:00.000Z
941143,2,2,2016-03-27T16:30:00.000Z
907172,1,1,2016-03-24T10:32:00.000Z
375711,3,3,2016-01-08T11:27:00.000Z
915669,1,1,2016-03-27T15:29:00.000Z
867604,2,2,2016-03-14T18:52:00.000Z
773061,4,3,2016-03-04T21:43:00.000Z
880726,1,1,2016-03-10T17:59:00.000Z
773062,1,1,2016-01-31T18:24:00.000Z
810279,9,3,2016-02-27T13:45:00.000Z
845245,1,1,2016-03-10T09:30:00.000Z
907186,1,1,2016-03-18T07:02:00.000Z
630995,1,1,2016-01-13T09:15:00.000Z
773064,1,1,2016-02-18T12:07:00.000Z
810280,1,1,2016-03-05T18:24:00.000Z
1681611,1,1,2016-01-07T22:10:00.000Z
780466,1,1,2016-02-14T23:45:00.000Z
773065,1,1,2016-02-02T12:47:00.000Z
578540,2,1,2016-01-23T12:06:00.000Z
766872,1,1,2016-02-03T02:55:00.000Z
810281,3,3,2016-02-22T19:11:00.000Z
810282,5,5,2016-02-22T14:22:00.000Z
833185,1,1,2016-03-16T11:15:00.000Z
902609,1,1,2016-03-25T13:23:00.000Z
867613,3,3,2016-01-15T13:10:00.000Z
2288585,2,2,2016-02-24T16:25:00.000Z
865955,1,1,2016-03-13T18:04:00.000Z
820061,4,1,2016-03-25T09:54:00.000Z
907211,1,1,2016-03-25T05:49:00.000Z
893814,1,1,2016-03-05T15:46:00.000Z
833191,4,4,2016-03-02T18:42:00.000Z
447632,1,1,2016-01-12T08:10:00.000Z
780468,2,2,2016-03-27T10:27:00.000Z
810286,7,2,2016-03-04T17:26:00.000Z
867616,3,3,2016-03-13T21:04:00.000Z
810287,4,2,2016-02-05T17:16:00.000Z
873445,1,1,2016-03-07T09:29:00.000Z
893819,1,1,2016-03-24T15:48:00.000Z
604430,1,1,2016-01-02T05:47:00.000Z
821963,2,1,2016-02-26T21:18:00.000Z
778180,1,1,2016-01-09T13:47:00.000Z
522890,3,3,2016-01-12T04:51:00.000Z
1684152,1,1,2016-03-25T14:25:00.000Z
810289,4,3,2016-03-27T16:22:00.000Z
810290,2,2,2016-03-25T11:48:00.000Z
941168,2,2,2016-03-25T06:26:00.000Z
820067,2,2,2016-03-19T09:45:00.000Z
889619,1,1,2016-03-23T12:47:00.000Z
867624,1,1,2016-03-12T09:53:00.000Z
873453,1,1,2016-03-20T15:11:00.000Z
833204,1,1,2016-03-03T17:37:00.000Z
925648,1,1,2016-03-30T14:46:00.000Z
773077,3,2,2016-01-22T15:04:00.000Z
804854,1,1,2016-02-20T17:34:00.000Z
810293,2,2,2016-02-24T09:14:00.000Z
737176,2,1,2016-01-27T18:17:00.000Z
893829,1,1,2016-03-24T15:41:00.000Z
810295,5,4,2016-02-21T15:16:00.000Z
931586,1,1,2016-03-30T23:04:00.000Z
765767,1,1,2016-01-15T13:51:00.000Z
893832,2,2,2016-03-29T07:28:00.000Z
787256,2,1,2016-01-23T17:49:00.000Z
771597,2,2,2016-03-16T15:10:00.000Z
893834,11,6,2016-03-15T15:19:00.000Z
793382,3,2,2016-03-25T16:27:00.000Z
2361656,8,3,2016-03-24T09:31:00.000Z
641005,4,4,2016-01-16T12:03:00.000Z
755065,1,1,2016-01-26T18:52:00.000Z
178992,2,2,2016-01-12T12:57:00.000Z
874437,2,1,2016-03-17T06:53:00.000Z
907264,1,1,2016-03-26T13:58:00.000Z
907265,1,1,2016-03-29T09:43:00.000Z
778192,1,1,2016-01-28T17:40:00.000Z
810300,2,2,2016-03-07T20:24:00.000Z
821975,9,6,2016-03-29T04:54:00.000Z
2422534,3,2,2016-02-24T13:38:00.000Z
542553,1,1,2016-01-12T07:53:00.000Z
780477,2,2,2016-02-07T13:00:00.000Z
773090,6,3,2016-03-19T15:30:00.000Z
810304,2,2,2016-02-22T14:42:00.000Z
833215,1,1,2016-02-25T14:46:00.000Z
941181,3,2,2016-03-28T21:41:00.000Z
810307,3,1,2016-02-24T11:04:00.000Z
582393,1,1,2016-01-01T14:57:00.000Z
623435,1,1,2016-01-21T04:06:00.000Z
389478,1,1,2016-02-13T19:07:00.000Z
810309,4,2,2016-03-08T15:02:00.000Z
794674,1,1,2016-02-06T11:16:00.000Z
1108754,2,2,2016-01-25T17:54:00.000Z
780483,2,2,2016-01-18T11:29:00.000Z
810310,1,1,2016-02-24T11:36:00.000Z
773098,7,5,2016-02-20T16:38:00.000Z
941186,3,3,2016-03-30T17:41:00.000Z
865962,1,1,2016-03-13T18:39:00.000Z
867642,1,1,2016-03-30T15:20:00.000Z
907285,1,1,2016-03-24T13:47:00.000Z
531505,1,1,2016-01-02T08:22:00.000Z
870287,2,1,2016-02-27T20:13:00.000Z
833221,3,3,2016-03-10T01:02:00.000Z
2361668,3,3,2016-02-26T17:50:00.000Z
2428091,1,1,2016-03-11T17:14:00.000Z
2370769,1,1,2016-03-17T18:48:00.000Z
833222,1,1,2016-03-03T19:00:00.000Z
1691012,1,1,2016-03-02T21:51:00.000Z
771611,1,1,2016-02-05T18:08:00.000Z
907294,1,1,2016-03-24T10:07:00.000Z
773105,1,1,2016-02-04T12:40:00.000Z
2259942,6,4,2016-03-16T16:08:00.000Z
2415185,12,6,2016-03-26T22:43:00.000Z
390286,1,1,2016-01-04T23:16:00.000Z
821993,1,1,2016-02-27T07:17:00.000Z
893852,3,3,2016-03-13T12:49:00.000Z
821994,7,4,2016-03-14T09:56:00.000Z
1108779,1,1,2016-01-19T18:04:00.000Z
780497,3,3,2016-02-15T08:45:00.000Z
867658,1,1,2016-03-23T09:02:00.000Z
821997,1,1,2016-02-26T12:36:00.000Z
1108792,3,2,2016-01-23T14:32:00.000Z
773113,2,2,2016-02-03T17:22:00.000Z
907313,1,1,2016-03-05T15:23:00.000Z
2288634,2,2,2016-02-25T09:51:00.000Z
626697,2,2,2016-01-14T11:43:00.000Z
2288636,1,1,2016-02-04T20:03:00.000Z
804884,1,1,2016-01-14T19:30:00.000Z
810328,2,2,2016-02-22T12:26:00.000Z
810329,9,5,2016-02-26T06:51:00.000Z
98717,1,1,2016-01-17T08:51:00.000Z
941208,1,1,2016-03-05T21:14:00.000Z
2091963,4,3,2016-02-06T17:44:00.000Z
804888,1,1,2016-01-27T18:19:00.000Z
2361696,2,2,2016-02-11T19:59:00.000Z
822008,2,1,2016-02-12T18:16:00.000Z
931632,2,1,2016-03-30T16:16:00.000Z
810333,2,2,2016-02-25T07:39:00.000Z
780506,3,2,2016-03-12T12:11:00.000Z
928256,2,1,2016-03-30T14:54:00.000Z
907322,1,1,2016-03-26T12:07:00.000Z
810334,7,6,2016-03-12T14:34:00.000Z
928260,1,1,2016-03-29T07:48:00.000Z
907326,2,1,2016-03-30T15:42:00.000Z
831500,1,1,2016-03-10T23:26:00.000Z
941220,1,1,2016-03-31T19:22:00.000Z
787285,2,1,2016-01-05T14:20:00.000Z
2370806,5,3,2016-03-10T20:45:00.000Z
810339,6,5,2016-03-30T08:32:00.000Z
822018,5,3,2016-03-04T17:14:00.000Z
833248,1,1,2016-03-01T08:21:00.000Z
588987,1,1,2016-01-05T09:26:00.000Z
810340,9,5,2016-03-07T18:39:00.000Z
810341,5,2,2016-03-05T08:51:00.000Z
808712,1,1,2016-03-03T16:34:00.000Z
941227,2,2,2016-03-18T17:03:00.000Z
928271,1,1,2016-03-30T13:04:00.000Z
810344,1,1,2016-03-03T10:04:00.000Z
833257,1,1,2016-03-01T19:43:00.000Z
907350,1,1,2016-03-30T13:40:00.000Z
822027,1,1,2016-03-14T08:06:00.000Z
893873,1,1,2016-03-29T14:11:00.000Z
918943,2,2,2016-03-30T05:37:00.000Z
830310,1,1,2016-02-28T20:26:00.000Z
810346,1,1,2016-02-18T15:55:00.000Z
773133,2,1,2016-01-31T18:00:00.000Z
790069,7,5,2016-03-06T11:16:00.000Z
810349,1,1,2016-02-22T11:20:00.000Z
820093,3,3,2016-02-27T08:11:00.000Z
881777,1,1,2016-03-19T06:22:00.000Z
2422598,1,1,2016-01-26T20:44:00.000Z
304349,1,1,2016-01-16T21:03:00.000Z
2415188,2,2,2016-03-30T07:34:00.000Z
822033,3,2,2016-01-16T20:02:00.000Z
773138,8,4,2016-03-19T19:18:00.000Z
822036,1,1,2016-03-02T08:23:00.000Z
955565,1,1,2016-03-27T16:27:00.000Z
907384,2,2,2016-03-25T15:52:00.000Z
810357,1,1,2016-02-23T05:07:00.000Z
920645,1,1,2016-03-30T18:37:00.000Z
822040,1,1,2016-03-24T10:22:00.000Z
773141,6,5,2016-03-14T18:53:00.000Z
893882,1,1,2016-03-24T13:42:00.000Z
810359,4,4,2016-02-25T13:39:00.000Z
867693,1,1,2016-03-14T21:47:00.000Z
928298,1,1,2016-03-25T15:12:00.000Z
773142,2,1,2016-02-21T08:29:00.000Z
893885,7,3,2016-03-29T16:19:00.000Z
833277,6,2,2016-03-29T12:44:00.000Z
2422617,1,1,2016-03-13T19:16:00.000Z
833279,2,1,2016-03-30T11:01:00.000Z
870332,3,3,2016-03-14T19:36:00.000Z
833280,1,1,2016-03-01T16:49:00.000Z
907399,1,1,2016-03-25T22:54:00.000Z
2370841,6,1,2016-03-07T14:07:00.000Z
2428163,1,1,2016-02-19T18:12:00.000Z
2361735,2,2,2016-01-08T13:05:00.000Z
941242,4,2,2016-03-30T11:22:00.000Z
941243,3,3,2016-03-23T21:00:00.000Z
941245,1,1,2016-03-29T12:25:00.000Z
2288692,2,2,2016-03-06T06:04:00.000Z
867703,2,2,2016-03-15T08:43:00.000Z
867704,1,1,2016-03-08T18:27:00.000Z
831510,1,1,2016-03-04T13:54:00.000Z
773147,1,1,2016-02-09T04:54:00.000Z
808721,1,1,2016-02-22T21:12:00.000Z
941250,4,4,2016-03-29T20:10:00.000Z
1108872,1,1,2016-01-17T10:00:00.000Z
810367,2,2,2016-02-13T21:39:00.000Z
199852,1,1,2016-01-04T08:37:00.000Z
773149,3,2,2016-03-01T21:37:00.000Z
941253,1,1,2016-01-06T14:44:00.000Z
1108878,2,2,2016-03-28T06:13:00.000Z
928317,1,1,2016-03-30T15:23:00.000Z
941255,2,1,2016-03-06T17:16:00.000Z
831515,1,1,2016-03-08T07:54:00.000Z
2092002,1,1,2016-03-05T11:14:00.000Z
918956,2,2,2016-03-30T08:55:00.000Z
792398,2,2,2016-02-02T18:16:00.000Z
920661,1,1,2016-03-27T08:53:00.000Z
920663,2,1,2016-03-29T14:27:00.000Z
773156,1,1,2016-03-04T14:26:00.000Z
810376,7,4,2016-03-29T04:59:00.000Z
778248,1,1,2016-02-06T13:50:00.000Z
893902,1,1,2016-03-27T06:38:00.000Z
790102,1,1,2016-02-10T21:21:00.000Z
822062,3,3,2016-02-20T19:25:00.000Z
822063,1,1,2016-03-13T10:40:00.000Z
2288719,4,3,2016-02-02T09:18:00.000Z
941267,2,2,2016-03-27T13:35:00.000Z
810381,3,2,2016-02-26T18:33:00.000Z
841064,1,1,2016-03-05T13:04:00.000Z
822066,1,1,2016-02-20T08:37:00.000Z
907441,1,1,2016-03-18T07:37:00.000Z
928343,2,1,2016-03-30T15:11:00.000Z
931689,1,1,2016-03-30T12:22:00.000Z
941270,1,1,2016-03-18T16:26:00.000Z
773159,2,2,2016-02-01T12:54:00.000Z
867718,2,2,2016-03-08T08:40:00.000Z
822067,2,2,2016-03-20T14:41:00.000Z
615496,2,2,2016-01-23T15:46:00.000Z
941272,2,2,2016-03-30T10:25:00.000Z
822070,3,3,2016-02-21T08:58:00.000Z
810383,3,3,2016-03-27T21:43:00.000Z
822075,2,2,2016-03-02T11:22:00.000Z
941274,3,3,2016-03-25T18:11:00.000Z
822076,2,2,2016-02-25T12:38:00.000Z
28115,1,1,2016-01-30T05:18:00.000Z
833313,2,2,2016-03-03T11:07:00.000Z
966404,1,1,2016-03-13T13:42:00.000Z
820119,2,2,2016-03-24T09:23:00.000Z
928356,1,1,2016-03-30T04:52:00.000Z
177269,2,2,2016-01-09T08:25:00.000Z
773163,3,3,2016-02-28T21:54:00.000Z
810386,2,1,2016-03-11T08:38:00.000Z
773165,2,2,2016-02-07T10:56:00.000Z
810387,2,2,2016-02-25T11:41:00.000Z
893914,2,2,2016-02-21T13:54:00.000Z
2370889,1,1,2016-03-12T18:56:00.000Z
893916,1,1,2016-03-25T11:32:00.000Z
519784,1,1,2016-01-18T19:34:00.000Z
907479,3,3,2016-03-24T17:47:00.000Z
804936,1,1,2016-02-21T07:26:00.000Z
807597,3,3,2016-01-14T08:37:00.000Z
834552,1,1,2016-03-03T06:27:00.000Z
2165841,1,1,2016-01-01T20:03:00.000Z
907491,3,2,2016-03-25T10:12:00.000Z
790113,1,1,2016-03-06T12:48:00.000Z
24110,1,1,2016-01-26T15:02:00.000Z
822089,1,1,2016-02-25T17:30:00.000Z
790114,1,1,2016-02-01T12:38:00.000Z
822091,1,1,2016-03-24T13:21:00.000Z
833324,2,2,2016-03-03T11:59:00.000Z
773175,1,1,2016-02-01T21:58:00.000Z
803152,1,1,2016-02-19T18:29:00.000Z
2092023,2,2,2016-01-03T15:54:00.000Z
2018358,2,2,2016-03-03T05:38:00.000Z
907517,1,1,2016-03-25T12:57:00.000Z
2361780,7,5,2016-03-22T07:29:00.000Z
778267,1,1,2016-02-07T19:42:00.000Z
115255,1,1,2016-01-28T17:53:00.000Z
907525,1,1,2016-03-29T10:00:00.000Z
773180,1,1,2016-03-09T08:08:00.000Z
867736,1,1,2016-03-13T14:33:00.000Z
378360,2,2,2016-03-23T11:41:00.000Z
810400,1,1,2016-01-16T15:45:00.000Z
489828,1,1,2016-03-15T10:25:00.000Z
2361784,1,1,2016-01-03T12:23:00.000Z
907539,1,1,2016-03-26T14:06:00.000Z
1108944,2,2,2016-03-24T12:57:00.000Z
920698,1,1,2016-03-31T13:13:00.000Z
931709,1,1,2016-03-29T14:12:00.000Z
810402,2,2,2016-03-12T09:18:00.000Z
810403,3,2,2016-03-12T11:38:00.000Z
778272,2,1,2016-02-24T12:03:00.000Z
1151139,1,1,2016-03-25T10:17:00.000Z
907557,1,1,2016-03-08T05:13:00.000Z
604596,1,1,2016-01-03T11:22:00.000Z
941296,1,1,2016-01-03T18:51:00.000Z
738991,1,1,2016-01-23T10:26:00.000Z
790129,2,2,2016-01-16T11:59:00.000Z
773183,1,1,2016-02-06T06:12:00.000Z
803159,2,2,2016-03-20T12:36:00.000Z
803160,1,1,2016-03-05T15:51:00.000Z
738944,1,1,2016-03-30T11:00:00.000Z
810406,3,3,2016-02-22T16:38:00.000Z
810407,1,1,2016-03-11T09:23:00.000Z
907569,1,1,2016-03-19T07:51:00.000Z
822111,2,2,2016-03-03T14:32:00.000Z
773187,2,1,2016-03-09T10:32:00.000Z
301198,2,2,2016-02-07T17:54:00.000Z
907574,1,1,2016-02-24T09:13:00.000Z
790134,1,1,2016-01-20T10:51:00.000Z
881861,2,2,2016-03-18T06:54:00.000Z
810408,1,1,2016-02-24T09:22:00.000Z
2092034,1,1,2016-02-19T05:19:00.000Z
741931,1,1,2016-01-24T13:10:00.000Z
611337,2,2,2016-03-06T13:53:00.000Z
822116,1,1,2016-02-12T12:08:00.000Z
765884,2,2,2016-02-02T06:17:00.000Z
810409,1,1,2016-03-05T11:41:00.000Z
773188,1,1,2016-03-06T14:27:00.000Z
765885,1,1,2016-01-30T05:23:00.000Z
810411,5,2,2016-03-29T09:30:00.000Z
810414,2,2,2016-01-23T11:35:00.000Z
818829,1,1,2016-01-23T09:46:00.000Z
2361803,1,1,2016-03-20T18:06:00.000Z
941303,5,4,2016-03-31T17:29:00.000Z
815728,1,1,2016-02-21T17:14:00.000Z
636896,2,2,2016-01-13T21:20:00.000Z
780546,3,1,2016-03-25T19:56:00.000Z
839814,2,2,2016-02-19T13:48:00.000Z
2361806,2,2,2016-03-18T13:21:00.000Z
120870,1,1,2016-01-27T15:05:00.000Z
931724,1,1,2016-03-30T10:18:00.000Z
810424,6,2,2016-02-25T06:35:00.000Z
861119,1,1,2016-01-07T11:57:00.000Z
58907,1,1,2016-01-09T08:01:00.000Z
941312,2,2,2016-03-20T16:24:00.000Z
892344,1,1,2016-03-28T06:44:00.000Z
787343,1,1,2016-01-12T17:20:00.000Z
720646,1,1,2016-01-19T10:23:00.000Z
773197,1,1,2016-02-17T19:35:00.000Z
907627,2,2,2016-03-28T15:06:00.000Z
852384,2,1,2016-03-27T09:39:00.000Z
2370925,5,3,2016-03-20T09:35:00.000Z
893948,1,1,2016-03-26T22:37:00.000Z
2216357,6,5,2016-03-27T11:24:00.000Z
385740,1,1,2016-01-16T17:21:00.000Z
907637,2,1,2016-03-30T08:48:00.000Z
810435,3,2,2016-02-14T21:19:00.000Z
931733,1,1,2016-03-30T12:51:00.000Z
773203,2,1,2016-03-24T12:03:00.000Z
822136,2,2,2016-03-02T18:14:00.000Z
893953,2,2,2016-03-24T14:05:00.000Z
907648,1,1,2016-03-26T12:09:00.000Z
804973,2,1,2016-03-19T13:17:00.000Z
808754,1,1,2016-02-22T12:26:00.000Z
773206,2,2,2016-01-18T13:14:00.000Z
462169,1,1,2016-02-19T13:00:00.000Z
803183,1,1,2016-02-19T16:29:00.000Z
941332,3,3,2016-03-24T16:21:00.000Z
803185,1,1,2016-02-25T18:59:00.000Z
597646,1,1,2016-01-05T12:44:00.000Z
779244,1,1,2016-02-09T16:55:00.000Z
797116,3,2,2016-01-08T19:06:00.000Z
822141,1,1,2016-03-12T15:57:00.000Z
893957,3,2,2016-03-19T11:41:00.000Z
1726104,1,1,2016-03-23T11:25:00.000Z
772607,1,1,2016-02-13T13:15:00.000Z
893959,2,2,2016-03-24T09:44:00.000Z
803190,1,1,2016-03-15T10:28:00.000Z
2092062,1,1,2016-03-01T21:27:00.000Z
833364,1,1,2016-03-01T07:28:00.000Z
773212,3,3,2016-02-06T08:49:00.000Z
773214,2,2,2016-02-09T07:38:00.000Z
2361839,5,5,2016-03-29T07:52:00.000Z
787357,1,1,2016-01-19T19:06:00.000Z
2288798,1,1,2016-02-28T23:34:00.000Z
787359,3,1,2016-02-01T20:08:00.000Z
810445,6,5,2016-02-22T18:51:00.000Z
822152,3,2,2016-02-24T11:07:00.000Z
810446,2,2,2016-02-17T14:40:00.000Z
794762,2,2,2016-02-15T17:22:00.000Z
794763,5,3,2016-02-14T19:12:00.000Z
941348,1,1,2016-03-11T17:01:00.000Z
907703,1,1,2016-03-23T17:41:00.000Z
1109004,1,1,2016-01-07T22:03:00.000Z
2288802,11,6,2016-03-24T15:51:00.000Z
2428274,5,4,2016-03-23T10:26:00.000Z
623488,1,1,2016-01-13T11:33:00.000Z
2288807,4,4,2016-01-24T18:25:00.000Z
907716,1,1,2016-03-27T21:04:00.000Z
2288809,5,3,2016-03-24T10:49:00.000Z
2361856,1,1,2016-03-03T10:13:00.000Z
907722,1,1,2016-03-12T16:21:00.000Z
867784,1,1,2016-01-01T16:56:00.000Z
593079,1,1,2016-01-04T10:42:00.000Z
739194,1,1,2016-01-21T00:38:00.000Z
804996,3,2,2016-03-11T17:21:00.000Z
115025,1,1,2016-02-06T16:13:00.000Z
2422749,1,1,2016-02-10T14:46:00.000Z
2361864,1,1,2016-03-25T11:40:00.000Z
773226,1,1,2016-02-06T05:19:00.000Z
822163,2,2,2016-03-03T10:57:00.000Z
810454,1,1,2016-02-27T14:30:00.000Z
810455,2,2,2016-03-05T21:04:00.000Z
867790,1,1,2016-03-19T20:10:00.000Z
773228,1,1,2016-02-02T19:26:00.000Z
2370981,3,3,2016-03-04T05:26:00.000Z
925751,1,1,2016-03-30T14:22:00.000Z
941362,2,1,2016-03-30T19:41:00.000Z
907761,2,2,2016-03-26T06:56:00.000Z
893979,1,1,2016-03-31T22:36:00.000Z
36057,1,1,2016-03-29T09:11:00.000Z
601178,2,2,2016-01-05T12:11:00.000Z
810460,6,3,2016-02-28T10:02:00.000Z
805006,1,1,2016-02-09T19:52:00.000Z
852419,1,1,2016-01-26T17:51:00.000Z
893981,5,4,2016-03-27T13:52:00.000Z
843200,1,1,2016-02-26T19:19:00.000Z
2370990,2,2,2016-03-22T14:05:00.000Z
822174,3,3,2016-02-20T09:03:00.000Z
877370,1,1,2016-03-17T15:22:00.000Z
841097,1,1,2016-03-06T06:21:00.000Z
852420,2,2,2016-01-28T14:21:00.000Z
907781,3,3,2016-03-05T10:06:00.000Z
788466,2,2,2016-02-15T20:25:00.000Z
896477,1,1,2016-03-17T09:43:00.000Z
793446,5,4,2016-03-14T19:03:00.000Z
893986,1,1,2016-03-24T12:10:00.000Z
941372,1,1,2016-03-27T11:03:00.000Z
810467,1,1,2016-03-25T10:32:00.000Z
2216415,1,1,2016-03-05T06:18:00.000Z
833399,2,1,2016-03-02T11:00:00.000Z
765950,1,1,2016-02-17T16:55:00.000Z
822182,1,1,2016-03-25T12:48:00.000Z
810468,1,1,2016-03-30T11:59:00.000Z
575079,6,4,2016-01-30T19:44:00.000Z
822187,1,1,2016-03-06T08:43:00.000Z
582615,1,1,2016-01-01T16:23:00.000Z
864804,1,1,2016-03-08T14:04:00.000Z
833401,2,2,2016-03-01T15:41:00.000Z
867809,2,1,2016-03-23T13:20:00.000Z
780583,2,2,2016-03-06T21:10:00.000Z
818884,1,1,2016-03-06T10:40:00.000Z
822190,2,2,2016-03-11T21:11:00.000Z
1109055,1,1,2016-03-06T12:27:00.000Z
69455,1,1,2016-03-26T16:36:00.000Z
2288835,1,1,2016-02-27T14:24:00.000Z
822193,2,1,2016-02-26T12:06:00.000Z
941379,1,1,2016-03-26T11:01:00.000Z
97,1,1,2016-02-04T04:40:00.000Z
798241,1,1,2016-02-17T14:38:00.000Z
907835,1,1,2016-01-22T13:36:00.000Z
2371000,2,2,2016-03-26T04:31:00.000Z
918995,1,1,2016-03-28T19:23:00.000Z
893992,2,2,2016-03-08T19:36:00.000Z
903467,1,1,2016-03-25T13:18:00.000Z
773246,2,2,2016-02-06T21:04:00.000Z
861202,1,1,2016-01-13T14:55:00.000Z
941380,1,1,2016-03-18T19:55:00.000Z
903476,1,1,2016-03-25T12:41:00.000Z
246335,2,2,2016-01-12T16:49:00.000Z
2216423,1,1,2016-03-24T11:08:00.000Z
805025,1,1,2016-01-22T21:42:00.000Z
810473,2,2,2016-03-15T12:28:00.000Z
773248,1,1,2016-01-07T16:29:00.000Z
810474,1,1,2016-03-14T18:31:00.000Z
907845,1,1,2016-03-26T05:19:00.000Z
2422776,1,1,2016-03-27T19:56:00.000Z
2361890,1,1,2016-03-24T16:39:00.000Z
551249,1,1,2016-02-24T10:21:00.000Z
885392,1,1,2016-03-19T18:17:00.000Z
810478,1,1,2016-03-30T17:17:00.000Z
623340,1,1,2016-01-15T18:26:00.000Z
903523,2,1,2016-03-25T13:41:00.000Z
596255,1,1,2016-01-02T17:17:00.000Z
808785,2,1,2016-03-12T09:29:00.000Z
2361894,2,2,2016-03-27T13:05:00.000Z
941390,1,1,2016-03-31T20:17:00.000Z
833412,2,2,2016-03-03T04:12:00.000Z
810481,3,2,2016-03-06T18:53:00.000Z
822205,2,2,2016-03-04T10:25:00.000Z
907886,2,2,2016-03-25T15:14:00.000Z
810484,1,1,2016-02-19T06:44:00.000Z
861217,1,1,2016-03-26T13:31:00.000Z
831563,2,2,2016-03-04T11:00:00.000Z
3871,1,1,2016-03-30T17:02:00.000Z
810486,2,2,2016-02-06T21:06:00.000Z
822211,4,2,2016-03-19T18:17:00.000Z
822212,1,1,2016-02-26T19:10:00.000Z
581681,1,1,2016-01-02T12:57:00.000Z
773263,1,1,2016-03-26T19:57:00.000Z
822215,2,2,2016-03-05T13:29:00.000Z
861227,1,1,2016-01-06T10:41:00.000Z
810487,5,4,2016-02-28T10:58:00.000Z
810488,1,1,2016-01-30T12:11:00.000Z
773265,1,1,2016-03-23T08:58:00.000Z
907908,1,1,2016-03-10T13:24:00.000Z
836784,2,1,2016-03-12T12:27:00.000Z
778332,1,1,2016-01-15T09:14:00.000Z
773269,4,2,2016-03-08T12:33:00.000Z
773270,1,1,2016-02-09T13:54:00.000Z
2205173,2,2,2016-03-04T09:48:00.000Z
147935,4,1,2016-01-11T07:44:00.000Z
755814,7,3,2016-01-18T17:30:00.000Z
861235,2,2,2016-03-06T17:02:00.000Z
604369,1,1,2016-01-07T07:01:00.000Z
850538,1,1,2016-03-30T17:51:00.000Z
903695,1,1,2016-03-28T08:35:00.000Z
2361914,6,4,2016-03-03T17:29:00.000Z
257303,1,1,2016-01-09T14:26:00.000Z
2415212,5,2,2016-03-19T17:54:00.000Z
1109109,1,1,2016-03-28T09:41:00.000Z
593674,1,1,2016-01-03T14:24:00.000Z
805054,1,1,2016-03-01T19:37:00.000Z
119673,1,1,2016-01-15T08:13:00.000Z
810495,2,2,2016-02-26T15:33:00.000Z
773276,1,1,2016-03-23T11:35:00.000Z
779263,1,1,2016-02-08T18:04:00.000Z
2361917,1,1,2016-03-11T12:13:00.000Z
2384970,1,1,2016-03-25T12:55:00.000Z
941402,1,1,2016-01-15T20:02:00.000Z
810498,1,1,2016-02-24T11:03:00.000Z
2021359,3,2,2016-03-11T18:59:00.000Z
2371031,3,2,2016-02-15T20:49:00.000Z
625936,1,1,2016-01-14T09:13:00.000Z
589137,1,1,2016-01-03T13:45:00.000Z
810500,1,1,2016-03-12T10:59:00.000Z
589895,1,1,2016-01-19T07:17:00.000Z
861249,1,1,2016-03-23T13:53:00.000Z
2406686,3,2,2016-03-20T09:31:00.000Z
839930,2,2,2016-03-04T11:27:00.000Z
2428347,3,2,2016-03-03T11:36:00.000Z
894009,2,2,2016-03-18T07:07:00.000Z
907961,1,1,2016-03-25T15:25:00.000Z
833436,1,1,2016-02-24T09:01:00.000Z
928574,1,1,2016-03-26T16:06:00.000Z
794812,1,1,2016-03-11T10:21:00.000Z
810507,1,1,2016-02-06T00:38:00.000Z
810508,6,4,2016-02-24T13:56:00.000Z
794813,1,1,2016-02-19T17:06:00.000Z
611044,1,1,2016-03-28T15:52:00.000Z
941407,2,1,2016-03-22T15:48:00.000Z
810511,3,3,2016-03-26T19:53:00.000Z
2288883,1,1,2016-03-11T09:09:00.000Z
91694,1,1,2016-01-22T07:39:00.000Z
773290,1,1,2016-03-08T17:13:00.000Z
810513,1,1,2016-02-24T17:54:00.000Z
585356,1,1,2016-01-02T16:47:00.000Z
2371044,2,2,2016-03-12T16:41:00.000Z
600435,2,2,2016-01-11T10:17:00.000Z
375502,1,1,2016-02-18T04:25:00.000Z
891436,1,1,2016-03-30T10:48:00.000Z
2422825,3,2,2016-03-12T09:28:00.000Z
780610,3,2,2016-02-19T05:23:00.000Z
620816,1,1,2016-01-12T14:57:00.000Z
773298,1,1,2016-02-24T03:07:00.000Z
941416,2,1,2016-03-14T15:57:00.000Z
894022,1,1,2016-03-25T11:11:00.000Z
773300,4,2,2016-01-14T17:34:00.000Z
894023,1,1,2016-03-19T16:19:00.000Z
867856,6,3,2016-03-15T17:15:00.000Z
787422,3,1,2016-01-02T16:29:00.000Z
760529,1,1,2016-03-03T20:49:00.000Z
805082,2,2,2016-03-21T16:42:00.000Z
822249,1,1,2016-02-26T21:32:00.000Z
2021360,1,1,2016-03-28T12:35:00.000Z
822250,2,2,2016-03-19T17:57:00.000Z
908012,1,1,2016-03-19T13:54:00.000Z
773303,1,1,2016-02-07T14:07:00.000Z
941421,1,1,2016-03-14T05:36:00.000Z
773304,2,1,2016-02-19T18:20:00.000Z
886671,1,1,2016-03-24T15:47:00.000Z
773306,3,2,2016-02-04T18:38:00.000Z
2288897,1,1,2016-01-10T18:53:00.000Z
822256,1,1,2016-03-01T18:58:00.000Z
908022,1,1,2016-03-24T12:08:00.000Z
941427,1,1,2016-01-09T07:21:00.000Z
822258,3,1,2016-02-26T16:21:00.000Z
861276,1,1,2016-03-12T15:54:00.000Z
773309,2,2,2016-02-08T19:23:00.000Z
2092152,8,6,2016-03-31T06:24:00.000Z
2288904,6,3,2016-03-08T11:01:00.000Z
903840,1,1,2016-03-25T14:09:00.000Z
773312,1,1,2016-01-31T22:10:00.000Z
810522,3,1,2016-02-08T06:12:00.000Z
805095,2,2,2016-03-08T16:15:00.000Z
447555,1,1,2016-01-09T09:25:00.000Z
870480,1,1,2016-03-16T19:00:00.000Z
908041,1,1,2016-03-13T08:55:00.000Z
773314,2,2,2016-02-09T12:31:00.000Z
831588,1,1,2016-03-03T11:39:00.000Z
2361961,1,1,2016-02-05T10:06:00.000Z
722869,1,1,2016-03-01T20:21:00.000Z
867870,2,2,2016-03-11T05:56:00.000Z
1120547,2,1,2016-03-10T09:28:00.000Z
2361963,1,1,2016-02-19T13:36:00.000Z
810523,1,1,2016-02-27T15:29:00.000Z
773317,1,1,2016-03-06T07:43:00.000Z
1109161,2,2,2016-03-31T14:53:00.000Z
928622,2,2,2016-03-24T14:56:00.000Z
861287,1,1,2016-03-12T11:52:00.000Z
894037,3,2,2016-03-23T11:08:00.000Z
822265,1,1,2016-01-20T18:19:00.000Z
903917,1,1,2016-03-25T19:15:00.000Z
818957,1,1,2016-01-07T17:54:00.000Z
908069,2,2,2016-03-25T11:16:00.000Z
822267,3,2,2016-02-06T17:13:00.000Z
852495,1,1,2016-01-03T21:39:00.000Z
773319,1,1,2016-01-04T17:28:00.000Z
773320,1,1,2016-01-29T17:28:00.000Z
611645,2,1,2016-01-04T14:32:00.000Z
941440,5,3,2016-03-29T10:54:00.000Z
2371070,12,5,2016-03-28T11:42:00.000Z
593270,1,1,2016-01-02T17:39:00.000Z
908088,1,1,2016-03-25T08:34:00.000Z
771685,1,1,2016-03-01T07:59:00.000Z
773321,2,2,2016-02-04T18:51:00.000Z
773323,4,3,2016-02-18T21:44:00.000Z
178813,1,1,2016-01-15T08:40:00.000Z
810525,1,1,2016-02-22T16:27:00.000Z
833468,1,1,2016-02-28T14:15:00.000Z
833471,1,1,2016-03-31T22:08:00.000Z
870488,2,2,2016-03-05T20:19:00.000Z
810526,1,1,2016-02-18T18:57:00.000Z
2216498,1,1,2016-03-25T13:21:00.000Z
2371074,9,4,2016-03-15T15:00:00.000Z
773326,1,1,2016-03-19T19:42:00.000Z
773327,1,1,2016-01-26T01:44:00.000Z
2092166,2,2,2016-03-04T17:42:00.000Z
773329,1,1,2016-02-05T17:16:00.000Z
805113,2,1,2016-03-12T11:54:00.000Z
833479,1,1,2016-03-06T11:37:00.000Z
908182,1,1,2016-03-25T17:05:00.000Z
810533,4,4,2016-03-03T12:04:00.000Z
818973,1,1,2016-02-25T06:44:00.000Z
941452,1,1,2016-03-04T22:14:00.000Z
469821,3,3,2016-01-10T12:43:00.000Z
2428407,1,1,2016-01-05T16:50:00.000Z
102190,1,1,2016-03-25T15:40:00.000Z
539176,1,1,2016-01-19T19:26:00.000Z
729468,1,1,2016-01-23T13:35:00.000Z
909975,1,1,2016-03-30T04:48:00.000Z
822289,1,1,2016-03-12T22:06:00.000Z
941456,2,2,2016-03-21T23:43:00.000Z
810536,1,1,2016-02-18T06:44:00.000Z
920843,1,1,2016-03-28T17:37:00.000Z
810537,2,2,2016-03-18T21:13:00.000Z
739396,1,1,2016-02-17T14:10:00.000Z
867890,1,1,2016-03-19T09:48:00.000Z
794852,2,1,2016-02-12T08:44:00.000Z
773339,7,5,2016-03-03T18:14:00.000Z
886685,1,1,2016-03-27T06:13:00.000Z
1109191,1,1,2016-01-15T08:14:00.000Z
894054,1,1,2016-03-20T13:06:00.000Z
273732,1,1,2016-03-30T17:10:00.000Z
787444,2,2,2016-03-05T12:02:00.000Z
787445,1,1,2016-01-09T14:23:00.000Z
818977,1,1,2016-01-15T15:05:00.000Z
810543,2,2,2016-01-28T06:21:00.000Z
2361982,4,4,2016-03-11T16:31:00.000Z
773342,5,2,2016-02-06T16:19:00.000Z
773343,1,1,2016-01-09T12:15:00.000Z
833489,1,1,2016-01-21T05:14:00.000Z
894056,9,3,2016-03-27T01:45:00.000Z
787449,1,1,2016-02-01T19:48:00.000Z
810546,6,4,2016-03-25T13:45:00.000Z
867895,3,2,2016-03-17T06:45:00.000Z
82694,1,1,2016-03-30T18:42:00.000Z
773347,2,1,2016-02-05T14:05:00.000Z
810547,2,2,2016-02-26T07:07:00.000Z
766033,1,1,2016-01-24T13:47:00.000Z
833493,2,2,2016-03-05T10:00:00.000Z
2205372,1,1,2016-02-18T23:43:00.000Z
833495,1,1,2016-03-24T14:51:00.000Z
582881,1,1,2016-01-01T15:36:00.000Z
894061,2,1,2016-03-30T13:25:00.000Z
810555,1,1,2016-02-19T18:21:00.000Z
626053,1,1,2016-01-14T12:57:00.000Z
894062,1,1,2016-03-29T10:33:00.000Z
773352,4,3,2016-03-19T15:51:00.000Z
928673,1,1,2016-03-29T13:49:00.000Z
736338,1,1,2016-03-25T12:17:00.000Z
883186,1,1,2016-03-19T20:07:00.000Z
861336,2,2,2016-03-05T06:46:00.000Z
573660,1,1,2016-03-31T11:31:00.000Z
895078,2,1,2016-03-24T10:37:00.000Z
780648,1,1,2016-01-22T14:37:00.000Z
773360,5,3,2016-01-26T14:18:00.000Z
810557,1,1,2016-02-23T10:09:00.000Z
773361,2,2,2016-01-25T11:15:00.000Z
2288944,7,4,2016-03-31T21:19:00.000Z
833513,4,2,2016-03-22T13:46:00.000Z
810558,1,1,2016-02-26T08:07:00.000Z
780650,3,1,2016-01-21T12:51:00.000Z
867915,7,3,2016-03-14T09:23:00.000Z
378123,1,1,2016-01-03T08:13:00.000Z
1109229,6,5,2016-03-28T09:55:00.000Z
810560,4,3,2016-02-21T20:57:00.000Z
811332,3,3,2016-02-23T21:16:00.000Z
894072,1,1,2016-03-11T23:29:00.000Z
1109231,4,3,2016-03-24T11:29:00.000Z
773365,6,4,2016-02-03T05:55:00.000Z
833519,1,1,2016-03-02T10:36:00.000Z
808826,5,4,2016-03-16T12:47:00.000Z
810563,4,3,2016-03-15T19:48:00.000Z
810564,1,1,2016-02-22T20:23:00.000Z
810565,2,2,2016-03-15T19:12:00.000Z
795809,3,1,2016-03-30T08:43:00.000Z
941484,1,1,2016-02-02T20:31:00.000Z
803296,1,1,2016-03-29T11:36:00.000Z
2362014,1,1,2016-02-13T15:40:00.000Z
833521,1,1,2016-03-02T11:40:00.000Z
792539,1,1,2016-02-20T10:28:00.000Z
780656,1,1,2016-02-15T16:25:00.000Z
780657,2,2,2016-02-08T16:18:00.000Z
810568,4,2,2016-03-20T16:31:00.000Z
469412,1,1,2016-01-08T16:18:00.000Z
810569,4,3,2016-03-03T23:12:00.000Z
773368,2,2,2016-03-23T16:51:00.000Z
1771036,1,1,2016-02-16T17:10:00.000Z
813903,1,1,2016-02-26T20:03:00.000Z
941488,3,3,2016-03-29T10:03:00.000Z
822319,1,1,2016-02-01T15:26:00.000Z
810571,4,4,2016-03-11T14:52:00.000Z
810572,9,5,2016-01-13T19:07:00.000Z
257502,1,1,2016-03-28T17:44:00.000Z
871615,1,1,2016-03-15T19:10:00.000Z
934989,1,1,2016-03-28T19:10:00.000Z
919031,1,1,2016-03-28T10:44:00.000Z
941493,2,2,2016-03-08T21:34:00.000Z
770770,1,1,2016-02-03T19:43:00.000Z
810573,3,2,2016-02-28T09:41:00.000Z
810574,3,2,2016-03-06T06:20:00.000Z
833528,3,2,2016-03-13T15:34:00.000Z
822328,6,4,2016-03-02T01:33:00.000Z
491753,1,1,2016-01-05T14:41:00.000Z
1109252,2,1,2016-03-19T08:14:00.000Z
549030,1,1,2016-01-02T08:46:00.000Z
2288961,1,1,2016-01-16T15:32:00.000Z
2371138,2,1,2016-02-15T10:01:00.000Z
894086,2,1,2016-03-18T21:04:00.000Z
831604,1,1,2016-03-11T17:07:00.000Z
736297,1,1,2016-01-23T04:39:00.000Z
790325,4,2,2016-02-05T09:42:00.000Z
2092201,3,2,2016-02-11T09:20:00.000Z
790327,3,3,2016-02-21T11:26:00.000Z
894090,1,1,2016-01-06T10:17:00.000Z
894091,2,2,2016-01-05T19:27:00.000Z
794880,4,1,2016-03-23T12:44:00.000Z
2371146,1,1,2016-02-15T22:18:00.000Z
760598,1,1,2016-03-24T14:35:00.000Z
366658,3,3,2016-03-08T13:48:00.000Z
1109264,4,3,2016-03-11T19:29:00.000Z
196084,2,1,2016-01-04T03:51:00.000Z
499367,1,1,2016-01-06T16:39:00.000Z
833542,6,3,2016-03-30T10:08:00.000Z
152716,1,1,2016-01-25T07:26:00.000Z
2371148,3,1,2016-02-02T19:49:00.000Z
585655,1,1,2016-01-02T17:48:00.000Z
833543,2,2,2016-03-02T06:47:00.000Z
773384,5,3,2016-02-08T14:46:00.000Z
773385,2,2,2016-03-16T13:44:00.000Z
822342,2,2,2016-03-02T11:37:00.000Z
941502,6,4,2016-03-31T13:09:00.000Z
882068,1,1,2016-03-12T15:19:00.000Z
810581,2,1,2016-03-12T13:16:00.000Z
891517,1,1,2016-03-18T09:59:00.000Z
1109274,1,1,2016-03-06T19:11:00.000Z
773387,1,1,2016-02-05T15:18:00.000Z
822343,1,1,2016-02-23T16:12:00.000Z
2288980,1,1,2016-03-29T19:19:00.000Z
776949,1,1,2016-02-07T18:25:00.000Z
771703,3,3,2016-02-15T09:13:00.000Z
894097,1,1,2016-03-03T22:02:00.000Z
810586,1,1,2016-02-06T18:31:00.000Z
810587,5,3,2016-03-12T18:42:00.000Z
2092216,7,5,2016-03-24T04:28:00.000Z
773397,2,2,2016-02-24T13:22:00.000Z
805172,1,1,2016-02-16T19:23:00.000Z
941508,2,2,2016-03-12T19:39:00.000Z
2371165,1,1,2016-03-29T04:14:00.000Z
867952,5,2,2016-03-19T07:41:00.000Z
2216581,3,1,2016-03-21T00:32:00.000Z
2422954,1,1,2016-01-13T06:02:00.000Z
773403,1,1,2016-02-06T15:52:00.000Z
867955,4,3,2016-03-05T11:15:00.000Z
1109289,1,1,2016-03-02T19:11:00.000Z
941513,2,2,2016-03-29T11:46:00.000Z
833563,1,1,2016-03-04T13:37:00.000Z
785965,2,2,2016-02-24T09:13:00.000Z
822361,2,2,2016-03-10T11:22:00.000Z
941514,1,1,2016-03-26T09:46:00.000Z
773405,1,1,2016-01-09T04:30:00.000Z
867958,1,1,2016-01-29T10:10:00.000Z
894107,1,1,2016-03-22T20:30:00.000Z
773406,1,1,2016-01-26T18:29:00.000Z
2092227,1,1,2016-01-20T19:47:00.000Z
794892,1,1,2016-01-07T16:49:00.000Z
805182,1,1,2016-03-26T15:07:00.000Z
1024878,1,1,2016-01-28T09:52:00.000Z
773409,2,1,2016-01-27T21:09:00.000Z
810594,3,2,2016-02-21T17:00:00.000Z
2205425,4,3,2016-03-31T20:53:00.000Z
822366,1,1,2016-02-26T18:57:00.000Z
785968,1,1,2016-02-11T04:47:00.000Z
805186,1,1,2016-02-19T04:57:00.000Z
2205429,7,4,2016-03-08T08:15:00.000Z
859157,2,2,2016-03-23T21:57:00.000Z
822368,1,1,2016-02-25T21:11:00.000Z
2371179,1,1,2016-01-06T12:24:00.000Z
833571,3,3,2016-03-02T21:02:00.000Z
620753,1,1,2016-01-29T19:41:00.000Z
780695,1,1,2016-01-24T19:48:00.000Z
790366,1,1,2016-02-12T10:06:00.000Z
895103,1,1,2016-03-30T18:21:00.000Z
600115,1,1,2016-03-20T10:49:00.000Z
810599,2,2,2016-01-05T20:16:00.000Z
833575,1,1,2016-03-02T14:05:00.000Z
213644,2,2,2016-03-04T08:01:00.000Z
941524,1,1,2016-03-26T18:53:00.000Z
941525,3,3,2016-03-20T05:22:00.000Z
2370842,1,1,2016-03-17T08:15:00.000Z
773413,3,3,2016-02-02T16:59:00.000Z
833576,1,1,2016-03-02T15:15:00.000Z
2205434,4,3,2016-03-26T15:37:00.000Z
908535,1,1,2016-03-25T14:01:00.000Z
773414,7,5,2016-01-25T18:04:00.000Z
852610,1,1,2016-03-07T12:44:00.000Z
2422976,1,1,2016-03-15T17:03:00.000Z
805196,1,1,2016-02-19T07:54:00.000Z
886722,1,1,2016-03-20T14:17:00.000Z
67073,1,1,2016-01-04T10:23:00.000Z
819048,1,1,2016-03-19T15:11:00.000Z
813929,1,1,2016-02-24T11:20:00.000Z
773415,4,3,2016-03-13T09:55:00.000Z
941531,3,3,2016-03-04T23:16:00.000Z
838032,1,1,2016-03-04T21:31:00.000Z
822372,1,1,2016-02-25T08:58:00.000Z
822373,1,1,2016-01-28T10:22:00.000Z
867973,4,3,2016-03-30T15:18:00.000Z
833584,2,2,2016-03-08T16:04:00.000Z
780701,3,2,2016-03-28T17:01:00.000Z
928768,1,1,2016-03-27T10:57:00.000Z
667632,1,1,2016-01-16T18:25:00.000Z
790373,1,1,2016-03-02T08:11:00.000Z
813930,1,1,2016-02-24T09:23:00.000Z
488378,1,1,2016-03-25T20:21:00.000Z
2428509,1,1,2016-02-10T16:07:00.000Z
822376,1,1,2016-02-24T10:22:00.000Z
2405338,2,2,2016-03-05T11:57:00.000Z
822377,1,1,2016-03-07T09:39:00.000Z
618016,4,1,2016-01-20T11:36:00.000Z
2205447,7,2,2016-02-15T20:59:00.000Z
614603,1,1,2016-01-06T14:49:00.000Z
810604,4,3,2016-03-26T11:42:00.000Z
810605,3,2,2016-03-30T16:42:00.000Z
766115,2,1,2016-01-07T16:54:00.000Z
867981,1,1,2016-03-04T07:02:00.000Z
941543,1,1,2016-03-15T17:11:00.000Z
788537,1,1,2016-03-09T12:36:00.000Z
790378,3,3,2016-02-12T10:18:00.000Z
56830,3,3,2016-01-03T03:46:00.000Z
941545,3,3,2016-03-31T15:27:00.000Z
941546,1,1,2016-03-27T12:59:00.000Z
822382,2,2,2016-03-03T07:47:00.000Z
833597,1,1,2016-03-03T10:16:00.000Z
941547,1,1,2016-03-02T04:59:00.000Z
833600,2,2,2016-03-18T20:16:00.000Z
1109336,1,1,2016-01-02T11:59:00.000Z
586564,1,1,2016-01-02T09:22:00.000Z
773423,1,1,2016-02-03T08:16:00.000Z
908568,1,1,2016-03-31T14:36:00.000Z
810608,1,1,2016-02-22T15:49:00.000Z
810609,7,5,2016-03-12T14:10:00.000Z
867990,1,1,2016-03-07T20:40:00.000Z
2362108,2,2,2016-03-26T11:46:00.000Z
780710,3,3,2016-01-07T03:36:00.000Z
2092259,1,1,2016-03-26T07:03:00.000Z
810611,2,2,2016-03-08T15:20:00.000Z
805208,3,3,2016-02-14T21:13:00.000Z
754765,1,1,2016-01-30T07:38:00.000Z
2371206,2,2,2016-03-12T16:46:00.000Z
797303,2,2,2016-02-09T21:21:00.000Z
867994,2,2,2016-03-12T11:34:00.000Z
273648,2,2,2016-03-29T18:04:00.000Z
597444,1,1,2016-01-05T05:51:00.000Z
805211,2,2,2016-03-25T11:33:00.000Z
810614,1,1,2016-02-19T13:53:00.000Z
2289028,2,1,2016-03-11T08:45:00.000Z
908595,1,1,2016-03-25T12:48:00.000Z
867998,1,1,2016-03-26T08:56:00.000Z
838042,1,1,2016-03-04T09:34:00.000Z
941558,3,3,2016-03-12T09:23:00.000Z
868844,1,1,2016-03-14T18:42:00.000Z
2362117,1,1,2016-03-05T11:31:00.000Z
787533,1,1,2016-03-29T13:40:00.000Z
773431,2,2,2016-01-28T21:28:00.000Z
852644,3,1,2016-03-25T10:55:00.000Z
2362118,2,2,2016-03-11T09:11:00.000Z
908642,1,1,2016-03-26T17:32:00.000Z
908646,1,1,2016-03-25T12:44:00.000Z
773433,3,2,2016-02-03T08:17:00.000Z
630547,1,1,2016-01-14T18:43:00.000Z
2371216,1,1,2016-03-07T16:17:00.000Z
729345,1,1,2016-03-20T04:41:00.000Z
810617,2,2,2016-02-21T11:12:00.000Z
2205469,1,1,2016-02-07T14:36:00.000Z
819074,1,1,2016-02-28T09:03:00.000Z
822395,1,1,2016-03-25T09:56:00.000Z
859174,1,1,2016-03-16T06:54:00.000Z
819075,1,1,2016-02-25T06:50:00.000Z
2205470,1,1,2016-01-05T11:46:00.000Z
868007,4,4,2016-03-19T08:40:00.000Z
294092,1,1,2016-01-14T16:14:00.000Z
773440,3,3,2016-03-04T15:34:00.000Z
2371220,3,2,2016-03-24T11:28:00.000Z
2371221,2,2,2016-02-27T16:54:00.000Z
2092266,2,2,2016-02-26T17:03:00.000Z
773444,2,1,2016-03-25T07:59:00.000Z
2289038,1,1,2016-03-26T17:47:00.000Z
861451,1,1,2016-03-12T11:13:00.000Z
189392,1,1,2016-03-29T17:06:00.000Z
929871,1,1,2016-03-31T20:13:00.000Z
951970,1,1,2016-03-12T10:29:00.000Z
610483,1,1,2016-01-08T20:14:00.000Z
1794145,1,1,2016-02-06T03:10:00.000Z
908759,2,2,2016-03-26T06:51:00.000Z
650987,1,1,2016-01-19T18:37:00.000Z
2205474,1,1,2016-03-11T17:00:00.000Z
941574,1,1,2016-03-08T22:32:00.000Z
908764,1,1,2016-03-26T11:53:00.000Z
766143,1,1,2016-01-29T12:59:00.000Z
808853,1,1,2016-02-22T13:08:00.000Z
794930,2,2,2016-03-29T18:13:00.000Z
773452,1,1,2016-01-05T14:49:00.000Z
773453,2,2,2016-02-09T05:02:00.000Z
623564,2,2,2016-01-14T15:54:00.000Z
822409,1,1,2016-03-02T13:49:00.000Z
991,7,5,2016-01-20T13:43:00.000Z
592782,2,2,2016-01-05T12:04:00.000Z
810627,4,2,2016-03-25T15:58:00.000Z
794932,1,1,2016-02-25T08:29:00.000Z
629932,1,1,2016-01-15T01:11:00.000Z
802228,1,1,2016-02-18T06:33:00.000Z
852672,2,1,2016-03-05T10:53:00.000Z
773458,6,2,2016-03-19T16:51:00.000Z
794933,1,1,2016-02-10T15:58:00.000Z
1888752,1,1,2016-01-05T08:10:00.000Z
1109383,1,1,2016-03-08T07:26:00.000Z
2362147,1,1,2016-03-16T20:18:00.000Z
589286,2,2,2016-01-03T04:30:00.000Z
819098,1,1,2016-03-20T14:07:00.000Z
838054,1,1,2016-03-04T18:20:00.000Z
870626,2,1,2016-03-11T08:04:00.000Z
2371239,2,1,2016-03-07T13:23:00.000Z
822416,3,2,2016-02-26T06:53:00.000Z
773461,2,2,2016-02-15T21:01:00.000Z
2371243,1,1,2016-02-01T16:18:00.000Z
773462,6,4,2016-02-12T17:39:00.000Z
794939,1,1,2016-03-12T07:48:00.000Z
898365,1,1,2016-03-25T13:20:00.000Z
607197,1,1,2016-02-06T16:01:00.000Z
810638,6,2,2016-03-12T14:23:00.000Z
868024,2,2,2016-03-11T07:28:00.000Z
617871,2,1,2016-01-15T17:37:00.000Z
803373,2,2,2016-03-01T20:41:00.000Z
822420,3,2,2016-03-07T15:24:00.000Z
852681,1,1,2016-03-03T10:21:00.000Z
948343,1,1,2016-03-28T05:10:00.000Z
925838,1,1,2016-03-30T06:35:00.000Z
122451,1,1,2016-01-20T13:06:00.000Z
870631,2,2,2016-02-20T08:37:00.000Z
273196,2,2,2016-03-25T07:19:00.000Z
810643,3,3,2016-02-20T17:29:00.000Z
747185,1,1,2016-01-16T13:19:00.000Z
614114,1,1,2016-01-01T12:16:00.000Z
187786,1,1,2016-01-05T14:48:00.000Z
28240,1,1,2016-03-20T15:30:00.000Z
805244,1,1,2016-03-12T15:23:00.000Z
882169,2,2,2016-03-18T16:30:00.000Z
412331,1,1,2016-01-04T18:31:00.000Z
11883,1,1,2016-01-08T06:12:00.000Z
911967,1,1,2016-03-26T16:09:00.000Z
810645,1,1,2016-02-22T16:35:00.000Z
918104,1,1,2016-03-27T12:58:00.000Z
810648,1,1,2016-02-24T14:54:00.000Z
2423049,1,1,2016-03-12T17:02:00.000Z
810649,2,2,2016-03-23T12:33:00.000Z
810650,1,1,2016-02-15T11:26:00.000Z
810651,3,2,2016-02-19T12:10:00.000Z
822429,2,2,2016-03-04T17:23:00.000Z
2423050,6,4,2016-03-26T15:03:00.000Z
808869,1,1,2016-03-03T17:19:00.000Z
941609,3,3,2016-03-20T17:13:00.000Z
928855,1,1,2016-03-30T09:00:00.000Z
822432,1,1,2016-02-12T12:06:00.000Z
868038,1,1,2016-03-24T15:13:00.000Z
790440,1,1,2016-01-19T05:38:00.000Z
2362165,3,3,2016-03-21T23:20:00.000Z
822436,4,4,2016-03-19T10:48:00.000Z
810654,5,4,2016-03-12T09:11:00.000Z
2405343,1,1,2016-03-18T08:42:00.000Z
868043,4,3,2016-03-25T09:51:00.000Z
730294,1,1,2016-01-22T12:08:00.000Z
941616,2,2,2016-03-09T16:07:00.000Z
788562,2,2,2016-03-31T12:29:00.000Z
932000,1,1,2016-03-31T19:20:00.000Z
941618,1,1,2016-02-07T10:45:00.000Z
935120,1,1,2016-03-25T07:24:00.000Z
2205502,1,1,2016-03-19T05:05:00.000Z
822441,1,1,2016-01-26T18:03:00.000Z
773487,2,2,2016-01-29T08:39:00.000Z
533093,1,1,2016-02-27T04:34:00.000Z
882188,1,1,2016-03-31T18:42:00.000Z
773491,3,2,2016-01-27T17:27:00.000Z
773492,3,1,2016-02-12T16:33:00.000Z
491723,1,1,2016-02-18T20:48:00.000Z
941621,3,3,2016-03-04T13:04:00.000Z
941622,3,2,2016-03-31T15:41:00.000Z
456426,1,1,2016-02-13T12:00:00.000Z
805266,1,1,2016-02-18T19:37:00.000Z
810665,2,2,2016-02-19T16:20:00.000Z
382733,1,1,2016-03-30T20:23:00.000Z
941625,1,1,2016-02-06T18:56:00.000Z
822450,1,1,2016-02-26T04:56:00.000Z
790459,1,1,2016-02-12T17:56:00.000Z
803398,1,1,2016-02-19T12:42:00.000Z
810669,1,1,2016-02-20T05:34:00.000Z
810670,1,1,2016-03-01T09:10:00.000Z
822455,3,3,2016-03-25T19:54:00.000Z
932007,1,1,2016-03-27T19:07:00.000Z
941629,3,3,2016-03-12T19:14:00.000Z
797351,1,1,2016-01-24T19:37:00.000Z
822457,4,4,2016-01-23T11:17:00.000Z
2362181,2,2,2016-01-21T03:37:00.000Z
805279,1,1,2016-02-19T07:57:00.000Z
810671,5,4,2016-03-23T10:20:00.000Z
810672,1,1,2016-02-25T21:37:00.000Z
822459,3,2,2016-02-26T10:12:00.000Z
773503,1,1,2016-02-05T17:00:00.000Z
833663,1,1,2016-01-18T10:58:00.000Z
663218,1,1,2016-01-19T06:01:00.000Z
822460,1,1,2016-02-26T19:03:00.000Z
773504,1,1,2016-02-05T13:55:00.000Z
755058,1,1,2016-01-23T07:59:00.000Z
868055,2,2,2016-03-12T15:52:00.000Z
868056,1,1,2016-03-05T11:46:00.000Z
894176,1,1,2016-01-28T16:18:00.000Z
909181,1,1,2016-03-25T15:08:00.000Z
2205512,2,2,2016-02-06T13:04:00.000Z
810674,4,2,2016-02-02T18:24:00.000Z
773507,1,1,2016-01-21T18:39:00.000Z
833668,1,1,2016-03-01T11:22:00.000Z
909213,1,1,2016-03-25T15:02:00.000Z
791275,1,1,2016-03-27T10:39:00.000Z
909222,1,1,2016-03-25T13:08:00.000Z
794966,1,1,2016-02-10T13:08:00.000Z
2362188,2,2,2016-02-09T06:51:00.000Z
153218,1,1,2016-03-30T16:26:00.000Z
822466,1,1,2016-02-27T04:26:00.000Z
841197,1,1,2016-03-06T05:38:00.000Z
822467,1,1,2016-03-24T10:44:00.000Z
833673,1,1,2016-01-18T06:15:00.000Z
773512,2,1,2016-03-12T09:58:00.000Z
621524,1,1,2016-01-16T09:55:00.000Z
729539,1,1,2016-01-22T11:41:00.000Z
861532,1,1,2016-01-02T15:33:00.000Z
822472,2,2,2016-03-06T07:23:00.000Z
810680,2,2,2016-03-12T12:24:00.000Z
810681,5,2,2016-02-26T17:22:00.000Z
822277,1,1,2016-02-13T04:02:00.000Z
831650,1,1,2016-03-02T12:04:00.000Z
868069,1,1,2016-03-13T00:54:00.000Z
810683,3,2,2016-03-06T06:41:00.000Z
241871,1,1,2016-01-25T15:52:00.000Z
807861,1,1,2016-02-21T12:36:00.000Z
810684,2,2,2016-02-22T07:43:00.000Z
805296,1,1,2016-02-19T19:09:00.000Z
894183,2,1,2016-03-28T05:44:00.000Z
861539,1,1,2016-03-30T11:50:00.000Z
822477,3,1,2016-03-19T18:44:00.000Z
2205520,1,1,2016-02-04T18:43:00.000Z
810686,1,1,2016-02-21T07:35:00.000Z
773517,4,3,2016-02-20T10:28:00.000Z
831654,1,1,2016-03-13T15:21:00.000Z
805299,2,2,2016-02-27T17:43:00.000Z
1814657,1,1,2016-02-22T22:21:00.000Z
2362204,1,1,2016-01-22T13:14:00.000Z
1109481,1,1,2016-03-25T11:35:00.000Z
810688,1,1,2016-03-26T13:33:00.000Z
2205521,17,7,2016-03-31T04:12:00.000Z
332788,1,1,2016-01-18T21:55:00.000Z
910632,1,1,2016-03-25T12:02:00.000Z
773521,1,1,2016-02-24T14:44:00.000Z
624208,1,1,2016-01-12T13:16:00.000Z
870677,1,1,2016-03-14T10:02:00.000Z
810693,1,1,2016-03-21T11:39:00.000Z
810694,2,2,2016-01-13T13:05:00.000Z
810695,1,1,2016-01-14T08:25:00.000Z
771756,10,7,2016-03-27T20:15:00.000Z
2415235,3,3,2016-03-26T20:32:00.000Z
805308,1,1,2016-02-19T19:07:00.000Z
833692,1,1,2016-03-01T10:12:00.000Z
805310,2,2,2016-03-31T19:47:00.000Z
2289112,1,1,2016-01-03T08:41:00.000Z
2423095,1,1,2016-03-25T15:33:00.000Z
1109496,1,1,2016-03-05T15:56:00.000Z
2423099,3,3,2016-02-19T14:54:00.000Z
941660,2,2,2016-03-29T14:44:00.000Z
2362214,2,2,2016-03-24T15:51:00.000Z
773530,1,1,2016-01-30T07:23:00.000Z
820300,4,2,2016-03-30T14:43:00.000Z
614652,1,1,2016-01-19T03:38:00.000Z
941664,1,1,2016-03-06T10:04:00.000Z
733873,1,1,2016-01-08T21:04:00.000Z
2371316,4,3,2016-03-25T21:47:00.000Z
861568,2,1,2016-03-12T13:27:00.000Z
2371321,1,1,2016-03-06T21:32:00.000Z
831660,1,1,2016-03-06T14:21:00.000Z
859212,1,1,2016-03-11T09:40:00.000Z
810707,1,1,2016-02-24T12:55:00.000Z
894209,1,1,2016-03-13T08:41:00.000Z
840235,1,1,2016-03-03T11:41:00.000Z
810710,3,2,2016-03-26T11:37:00.000Z
870696,2,2,2016-03-30T07:49:00.000Z
585704,1,1,2016-01-01T09:40:00.000Z
822497,2,2,2016-02-27T12:33:00.000Z
941667,6,5,2016-03-09T15:14:00.000Z
894215,1,1,2016-03-30T12:25:00.000Z
894216,2,2,2016-03-30T14:03:00.000Z
822502,1,1,2016-01-30T15:12:00.000Z
1109510,2,2,2016-03-31T20:32:00.000Z
2289128,1,1,2016-02-06T21:17:00.000Z
870699,1,1,2016-03-06T14:14:00.000Z
65192,2,2,2016-01-20T00:17:00.000Z
925862,1,1,2016-03-30T10:46:00.000Z
810716,2,2,2016-02-19T10:23:00.000Z
600682,2,2,2016-01-06T12:13:00.000Z
868093,1,1,2016-03-13T16:38:00.000Z
773540,3,2,2016-01-29T18:56:00.000Z
822505,1,1,2016-02-12T13:33:00.000Z
810718,4,4,2016-03-06T08:37:00.000Z
868096,1,1,2016-03-15T11:38:00.000Z
822507,4,3,2016-03-27T13:53:00.000Z
868097,1,1,2016-03-13T01:38:00.000Z
131579,1,1,2016-02-23T16:49:00.000Z
67155,1,1,2016-01-10T11:37:00.000Z
810720,2,2,2016-02-24T16:41:00.000Z
719331,1,1,2016-01-17T11:22:00.000Z
370331,2,1,2016-02-24T10:37:00.000Z
283970,1,1,2016-03-19T15:46:00.000Z
787618,1,1,2016-01-14T17:19:00.000Z
2405348,3,2,2016-02-21T10:50:00.000Z
901044,2,2,2016-03-24T18:14:00.000Z
894104,1,1,2016-03-21T09:36:00.000Z
861585,1,1,2016-01-07T06:23:00.000Z
853573,1,1,2016-03-09T16:24:00.000Z
894225,2,2,2016-03-30T14:53:00.000Z
822511,2,2,2016-03-12T14:35:00.000Z
897314,7,5,2016-03-30T20:07:00.000Z
263937,1,1,2016-03-25T20:10:00.000Z
2324585,1,1,2016-01-05T18:43:00.000Z
773545,1,1,2016-02-05T13:08:00.000Z
805336,1,1,2016-03-15T16:27:00.000Z
805337,3,3,2016-03-25T15:57:00.000Z
822513,1,1,2016-02-25T16:27:00.000Z
2371341,1,1,2016-03-03T13:35:00.000Z
870709,1,1,2016-03-11T07:51:00.000Z
861590,1,1,2016-03-19T17:46:00.000Z
794902,1,1,2016-02-13T17:19:00.000Z
820310,1,1,2016-03-06T12:59:00.000Z
810727,2,1,2016-03-08T10:22:00.000Z
107098,1,1,2016-01-30T19:05:00.000Z
600984,1,1,2016-01-06T15:37:00.000Z
808897,1,1,2016-02-24T19:18:00.000Z
773552,3,3,2016-03-24T16:26:00.000Z
847050,1,1,2016-03-18T06:20:00.000Z
833730,1,1,2016-03-15T10:05:00.000Z
909630,1,1,2016-03-25T15:35:00.000Z
814007,1,1,2016-02-24T12:58:00.000Z
2371354,2,1,2016-02-14T08:39:00.000Z
2289153,1,1,2016-02-21T06:56:00.000Z
2371355,4,3,2016-02-16T14:26:00.000Z
2371356,1,1,2016-02-15T09:37:00.000Z
2371357,3,2,2016-02-28T06:50:00.000Z
810738,1,1,2016-03-16T11:28:00.000Z
819202,2,1,2016-01-23T15:29:00.000Z
868113,2,1,2016-03-13T14:21:00.000Z
805349,1,1,2016-03-25T10:24:00.000Z
810739,4,2,2016-03-30T13:42:00.000Z
31162,1,1,2016-03-19T17:19:00.000Z
822526,1,1,2016-02-26T18:15:00.000Z
1822572,1,1,2016-02-20T20:00:00.000Z
2423136,1,1,2016-01-21T15:32:00.000Z
334955,1,1,2016-03-06T12:27:00.000Z
2371360,2,2,2016-03-12T19:38:00.000Z
810743,3,3,2016-03-19T11:53:00.000Z
2289159,3,3,2016-03-24T12:57:00.000Z
790520,1,1,2016-02-12T16:55:00.000Z
822534,1,1,2016-02-26T19:22:00.000Z
103076,1,1,2016-03-20T17:31:00.000Z
2423144,2,1,2016-03-20T11:26:00.000Z
909670,1,1,2016-03-26T12:47:00.000Z
773563,1,1,2016-02-24T12:37:00.000Z
2371367,2,1,2016-02-21T14:32:00.000Z
918216,4,4,2016-03-30T13:28:00.000Z
2092357,1,1,2016-02-20T18:34:00.000Z
778561,2,1,2016-02-09T11:35:00.000Z
810753,3,2,2016-03-12T09:39:00.000Z
810754,1,1,2016-02-23T17:14:00.000Z
2018374,5,2,2016-03-26T09:30:00.000Z
885837,1,1,2016-03-30T13:29:00.000Z
773569,4,3,2016-03-12T12:44:00.000Z
773570,1,1,2016-03-15T16:44:00.000Z
822538,3,2,2016-03-02T08:38:00.000Z
822539,2,2,2016-03-04T08:55:00.000Z
810756,1,1,2016-03-24T17:00:00.000Z
831670,1,1,2016-03-03T09:01:00.000Z
929024,1,1,2016-03-24T09:34:00.000Z
894256,2,2,2016-03-24T06:22:00.000Z
780818,3,2,2016-03-12T12:13:00.000Z
866122,2,1,2016-03-20T14:14:00.000Z
883295,1,1,2016-03-25T19:14:00.000Z
822542,1,1,2016-03-10T11:18:00.000Z
780819,1,1,2016-02-18T22:35:00.000Z
2362268,2,1,2016-03-25T15:42:00.000Z
833758,8,5,2016-03-19T08:24:00.000Z
810759,3,2,2016-02-05T12:54:00.000Z
2423149,4,2,2016-02-04T17:48:00.000Z
833760,1,1,2016-03-28T08:21:00.000Z
861637,2,1,2016-03-11T17:34:00.000Z
861612,1,1,2016-03-17T10:49:00.000Z
1109583,1,1,2016-03-28T22:09:00.000Z
941723,1,1,2016-01-31T13:47:00.000Z
910862,3,2,2016-03-24T18:52:00.000Z
868136,3,3,2016-03-09T08:29:00.000Z
780823,3,2,2016-03-25T06:01:00.000Z
810764,2,1,2016-03-30T13:09:00.000Z
2205568,2,2,2016-02-07T05:08:00.000Z
941730,2,2,2016-03-29T23:05:00.000Z
894263,1,1,2016-03-24T08:42:00.000Z
910881,2,2,2016-03-24T08:45:00.000Z
909837,1,1,2016-03-26T18:13:00.000Z
886770,1,1,2016-03-30T20:25:00.000Z
771772,2,2,2016-02-07T16:22:00.000Z
910883,1,1,2016-03-25T13:01:00.000Z
833766,1,1,2016-02-14T18:20:00.000Z
2423154,3,2,2016-03-09T03:14:00.000Z
2165865,1,1,2016-01-04T13:38:00.000Z
868137,1,1,2016-03-09T08:54:00.000Z
941733,1,1,2016-01-07T03:46:00.000Z
941734,1,1,2016-03-13T00:27:00.000Z
795012,5,3,2016-03-03T22:57:00.000Z
810769,1,1,2016-02-26T17:57:00.000Z
810770,6,3,2016-03-08T19:22:00.000Z
787649,1,1,2016-02-21T19:36:00.000Z
822555,1,1,2016-03-18T06:07:00.000Z
914943,1,1,2016-03-25T16:12:00.000Z
870746,1,1,2016-03-14T16:55:00.000Z
852815,1,1,2016-03-10T10:57:00.000Z
805381,5,2,2016-03-18T09:00:00.000Z
810773,1,1,2016-02-27T09:54:00.000Z
810774,4,1,2016-03-26T12:18:00.000Z
822560,2,1,2016-02-26T15:35:00.000Z
868144,3,3,2016-03-09T14:42:00.000Z
810776,2,2,2016-02-22T07:33:00.000Z
